url,url_length,num_dash,num_dot,num_ampersand,num_percent,num_underscore,num_at,num_hashtag,num_double_dash,num_numeric,path_length,path_level,hostname_length,use_top_domain_level,is_https,has_ip_address,query_length,num_query,num_iframe,num_external_url,num_external_resources,num_null_self_redirect_hyperlink,num_submit_info_to_email,is_frequent_domain_name_mismatch,has_insecure_form,num_ext_meta_scipt_link,num_dns_record,num_redirect,num_redirect_diff_domain,right_click_dissabled,has_ext_favicon,status
https://www.colgate.com/en-us/products/enamel-health,52,2,2,0,0,0,0,0,1,0,29,3,15,1,1,0,0,0,6,16,0,21,0,1,0,38,4,0,0,0,0,0
https://www.colgate.com/en-us/products/enamel-health,52,2,2,0,0,0,0,0,1,0,29,3,15,1,1,0,0,0,6,16,0,21,0,1,0,37,4,0,0,0,0,0
https://careers.stateuniversity.com/pages/100000947/Search-Engines-Future-User-Preferences-Artificial-Intelligence.html,119,6,3,0,0,0,0,0,1,9,84,3,27,1,1,0,0,0,8,8,0,0,0,0,0,15,4,1,0,0,0,0
https://energo-investment.hu/,29,1,1,0,0,0,0,0,1,0,1,1,20,0,1,0,0,0,2,132,0,19,0,0,0,155,2,1,0,0,0,0
"data:,",6,0,0,0,0,0,0,0,0,0,1,0,0,0,0,0,0,0,0,0,0,0,0,0,0,0,13,1,1,0,0,0
http://peypel.hol.es/,21,0,2,0,0,0,0,0,1,0,1,1,13,0,0,0,0,0,0,0,0,0,0,0,0,0,0,1,1,0,0,1
https://to-stromatadiko.gr/,27,1,1,0,0,0,0,0,1,0,1,1,18,0,1,0,0,0,0,168,0,23,0,0,0,4,2,1,0,0,0,1
http://logln-office365-0nline.wm.r.appspot.com/wp-content/xp.php,64,3,5,0,0,0,0,0,1,4,18,2,39,1,0,0,0,0,0,0,0,0,0,0,0,0,0,0,0,0,0,1
https://gpahb8bo-hbor35zkv.vercel.app/,38,1,2,0,0,0,0,0,1,3,1,1,29,0,1,0,0,0,0,1,0,0,0,1,0,0,0,0,0,0,0,1
https://www.vogella.com/tutorials/JavaAlgorithmsDijkstra/article.html,69,0,3,0,0,0,0,0,1,0,46,3,15,1,1,0,0,0,3,58,0,0,0,0,0,28,3,1,0,0,0,0
https://en.wikipedia.org/wiki/Medium_shot,41,0,2,0,0,1,0,0,1,0,17,2,16,1,1,0,0,0,0,42,0,2,0,0,0,10,0,0,0,0,0,0
https://en.wikipedia.org/wiki/Walnut_Creek_CDROM,48,0,2,0,0,2,0,0,1,0,24,2,16,1,1,0,0,0,0,52,0,2,0,0,0,10,0,0,0,0,0,0
http://www.nicaraguafood.org/,29,0,2,0,0,0,0,0,1,0,1,1,21,1,0,0,0,0,0,73,0,0,0,0,1,21,2,0,0,0,0,0
https://www.handshq.com/,24,0,2,0,0,0,0,0,1,0,1,1,15,1,1,0,0,0,2,18,0,2,0,1,0,17,2,0,0,0,1,0
https://www.w3schools.com/jsreF/jsref_obj_date.asp,50,0,3,0,0,2,0,0,1,1,25,2,17,1,1,0,0,0,21,175,0,0,0,1,0,24,4,0,0,0,0,0
https://www.kia.com/cz/dealer/pemmbrno/,39,0,2,0,0,0,0,0,1,0,20,4,11,1,1,0,0,0,5,233,0,15,0,0,0,51,2,0,0,0,0,0
https://www.liveatspencer68.com/,32,0,2,0,0,0,0,0,1,2,1,1,23,1,1,0,0,0,0,1,0,0,0,1,0,1,1,1,0,0,0,0
https://www.ablebits.com/office-addins-blog/excel-insert-hyperlink/,67,4,2,0,0,0,0,0,1,0,43,3,16,1,1,0,0,0,2,44,0,0,9,0,0,32,5,1,0,1,0,0
https://www.haciserif.com/,26,0,2,0,0,0,0,0,1,0,1,1,17,1,1,0,0,0,0,0,0,0,0,0,0,7,2,1,1,0,0,0
https://www.imdb.com/title/tt3682448/,37,0,2,0,0,0,0,0,1,7,17,3,12,1,1,0,0,0,0,0,0,0,0,0,0,0,8,1,0,0,0,0
https://www.alterego.gr/,24,0,2,0,0,0,0,0,1,0,1,1,15,0,1,0,0,0,1,10,0,4,0,1,0,12,2,0,0,0,0,0
https://www.sportsengine.com/solutions,38,0,2,0,0,0,0,0,1,0,10,1,20,1,1,0,0,0,3,73,0,0,0,0,0,38,5,1,0,0,0,0
http://topprioritys.appspot.com/u?purl=b2Qubmlnb2wvU1UvbW9jLml0aWMuZW5pbG5vLy86c3B0dGg=,87,0,2,0,0,0,0,0,1,11,2,1,24,1,0,0,48,1,1,6,0,0,0,1,0,2,0,0,0,0,0,1
https://wikireality.ru/wiki/Keyboard_Cat,40,0,1,0,0,1,0,0,1,0,18,2,14,0,1,0,0,0,0,15,0,0,0,1,0,7,2,1,1,0,0,0
https://www.grafikerler.org/,28,0,2,0,0,0,0,0,1,0,1,1,19,1,1,0,0,0,13,179,0,3,0,0,0,54,2,1,0,0,0,0
https://techland.time.com/2011/03/15/south-by-southwest-interactive-the-dawn-of-location-based-gaming/,102,9,2,0,0,0,0,0,1,8,77,5,17,1,1,0,0,0,0,0,0,0,0,0,0,0,0,1,0,0,0,0
https://www.choose-piano-lessons.com/electronic-keyboard.html,61,3,3,0,0,0,0,0,1,0,25,1,28,1,1,0,0,0,0,0,0,0,0,0,0,3,2,1,0,0,0,0
https://ourbaku.com/index.php/%D0%97%D0%B0%D0%B3%D0%BB%D0%B0%D0%B2%D0%BD%D0%B0%D1%8F_%D1%81%D1%82%D1%80%D0%B0%D0%BD%D0%B8%D1%86%D0%B0,133,0,2,0,34,1,0,0,1,36,114,2,11,1,1,0,0,0,6,6,0,3,0,0,0,7,2,1,1,0,0,0
"https://www.paypal.com/signin?returnUri=https://www.paypal.com/myaccount/transfer/send/external/ppme?profile%3Drecfr%26currencyCode%3DEUR%26amount%3D39.47%26locale.x%3Den_GB%26country.x%3DGB%26flowType%3Dsend&onboardData={%22country.x%22:%22GB%22,%22locale.x%22:%22en_GB%22,%22intent%22:%22paypalme%22,%22redirect_url%22:%22https://www.paypal.com/myaccount/transfer/send/external/ppme%3Fprofile%253Drecfr%2526currencyCode%253DEUR%2526amount%253D39.47%2526locale.x%253Den_GB%2526country.x%253DGB%2526flowType%253Dsend%22,%22sendMoneyText%22:%22You%27re%2520sending%2520PELHATE%2520PRISCILLIA%2520%25E2%2582%25AC39.47%22}&_ga=2.125062090.1744305625.1585744296-2030148928.1585744296",679,1,19,2,51,5,0,0,3,184,7,1,14,1,1,0,519,3,2,0,0,15,0,0,0,16,4,1,1,0,1,1
https://www.handlestore.com/,28,0,2,0,0,0,0,0,1,0,1,1,19,1,1,0,0,0,0,1,0,0,0,1,0,1,2,0,0,0,0,0
https://computer.howstuffworks.com/bittorrent1.htm,50,0,3,0,0,0,0,0,1,1,16,1,26,1,1,0,0,0,4,89,0,7,3,0,0,46,0,1,0,1,1,0
https://tlook-off365-signin.el.r.appspot.com/,45,2,4,0,0,0,0,0,1,3,1,1,36,1,1,0,0,0,0,0,0,0,0,0,0,0,0,0,0,0,0,1
http://botforbyks.blogspot.com/,31,0,2,0,0,0,0,0,1,0,1,1,23,1,0,0,0,0,6,42,0,0,0,0,1,70,0,1,1,0,1,1
http://alpreco.ro/wp-content/uploads/attractionvk.html,54,1,2,0,0,0,0,0,1,0,37,3,10,0,0,0,0,0,1,21,0,3,0,0,0,66,4,0,0,0,0,1
https://www.artediezvirtual.es/,31,0,2,0,0,0,0,0,1,0,1,1,22,0,1,0,0,0,0,628,0,4,0,0,0,13,4,1,0,0,0,0
https://utrackafrica.com/administrator/help/en-GB/activation.php?email=abuse@domain.com,87,1,3,0,0,0,1,0,1,0,40,4,16,1,1,0,16,1,0,1,0,0,0,0,0,11,4,1,0,0,0,1
https://www.researchgate.net/publication/271074231_The_Open_Source_Modelica_Project,83,0,2,0,0,5,0,0,1,9,55,2,20,1,1,0,0,0,1,1,0,0,0,1,0,1,4,0,0,0,0,0
https://www.imdb.com/title/tt0362165/,37,0,2,0,0,0,0,0,1,7,17,3,12,1,1,0,0,0,0,0,0,0,0,0,0,0,8,1,0,0,0,0
https://www.dictionary.com/browse/tabloid,41,0,2,0,0,0,0,0,1,0,15,2,18,1,1,0,0,0,10,106,0,0,0,0,0,34,4,1,0,0,0,0
http://www.songlyrics.com/lord-mantis/death-mask-lyrics/,56,3,2,0,0,0,0,0,1,0,31,3,18,1,0,0,0,0,27,26,0,13,0,0,0,66,2,0,0,0,0,0
https://www.weightworld.se/,27,0,2,0,0,0,0,0,1,0,1,1,18,0,1,0,0,0,1,87,0,1,0,0,0,48,2,0,0,0,0,0
https://www.graphic-design-employment.com/tabloid-paper-dimensions.html,71,4,3,0,0,0,0,0,1,0,30,1,33,1,1,0,0,0,0,0,0,0,0,0,0,4,2,1,0,0,0,0
https://manlike-seventies.000webhostapp.com/US/US.2018f587ffds8fds080f7dsfd/f87ds87fds8778sdf/sf87fd87f87ds87fsd87fds/f9dfs989fds89fds89dfs89fd/1/index.htm?platform=hootsuite&_branch_match_id=1235414766769588676&utm_medium=marketing&_branch_referrer=H4sIAAAAAAAAA8soKSkottLXLy1OSszL1kssKNDLyczL1vcrLHXMrXIONzC0L8hJLEnLL8q1zcjPLykuzSxJBQBczutmNQAAAA%3D%3D,354,1,4,3,2,6,0,0,1,74,112,7,35,1,1,0,137,4,0,4,0,0,0,1,0,6,2,1,1,0,1,1
https://www.facebook.com/imdbpro/,33,0,2,0,0,0,0,0,1,0,9,2,16,1,1,0,0,0,0,28,0,0,0,0,0,62,4,0,0,0,1,0
https://www.coursera.org/learn/algorithms-npcomplete,52,1,2,0,0,0,0,0,1,0,28,2,16,1,1,0,0,0,0,74,0,0,0,0,0,62,4,0,0,0,1,0
https://www.eliteprospects.com/,31,0,2,0,0,0,0,0,1,0,1,1,22,1,1,0,0,0,10,164,0,0,0,1,0,107,6,0,0,0,1,0
https://cutt.us/BQQgA,21,0,1,0,0,0,0,0,1,0,6,1,7,1,1,0,0,0,0,1,0,0,0,1,0,5,3,1,1,0,0,1
https://www.columbusonlineauctions.com/cgi-bin/mnhistory.cgi?coa9/1,67,1,3,0,0,0,0,0,1,2,22,2,30,1,1,0,0,0,0,0,0,0,0,0,0,0,2,1,0,0,0,0
https://www.ghacks.net/2010/04/13/setting-up-a-content-delivery-network-in-wordpress/,85,7,2,0,0,0,0,0,1,8,63,5,14,1,1,0,0,0,0,1,0,0,0,1,0,1,2,0,0,0,0,0
https://simple.wikipedia.org/wiki/Gettysburg_Address,52,0,2,0,0,1,0,0,1,0,24,2,20,1,1,0,0,0,0,211,0,1,0,1,0,10,0,0,0,0,0,0
https://www.sevenforums.com/drivers/210625-bluetooth-peripheral-device-driver-device-unplugged-not-found.html,109,8,3,0,0,0,0,0,1,6,82,2,19,1,1,0,0,0,1,1,0,0,0,1,0,1,2,0,0,0,0,0
https://photographyspark.com/search-engine-optimization-for-photographers-seo-basics/,85,6,1,0,0,0,0,0,1,0,57,2,20,1,1,0,0,0,18,43,0,0,0,0,0,57,2,1,0,0,1,0
https://accounts.google.com/v3/signin/identifier?continue=https%3A%2F%2Fsites.google.com%2Fview%2Fdealsd%2Fhome%3Ffbclid%3DIwAR2JJYu14sqA2gp31cX8lhEKvYkF-8EC51J4YYyOzXh25AaPmeKesPgd9dg&followup=https%3A%2F%2Fsites.google.com%2Fview%2Fdealsd%2Fhome%3Ffbclid%3DIwAR2JJYu14sqA2gp31cX8lhEKvYkF-8EC51J4YYyOzXh25AaPmeKesPgd9dg&ifkv=AYZoVheh7oMqh0u0Tw6fN3tvdyAu4gCuiJZpNnXeI9ghpTX3aJU1UhcwTb2L4rNnMz9UVNoBTgQmiA&osid=1&passive=1209600&flowName=WebLiteSignIn&flowEntry=ServiceLogin&dsh=S1259059823%3A1695784305890184,508,2,6,7,17,0,0,0,1,92,21,3,19,1,1,0,359,8,1,4,0,0,0,1,0,0,0,1,1,0,0,1
https://masterhealthcaregroup.com/wp-content/uploads/Office369/cfb7a0824144625b1067e3859bb85ffc/Login.php?websrc=59c275dc2e97dd3b896ed4ff2b82a8fd&dispatched=29&id=878485762,172,1,2,2,0,0,0,0,1,52,72,5,25,1,1,0,43,3,0,37,0,2,0,0,0,36,2,1,0,0,0,1
http://xbooks.to/,17,0,1,0,0,0,0,0,1,0,1,1,9,0,0,0,0,0,1,0,0,0,0,0,0,2,2,0,0,0,0,0
http://techteach.no/,20,0,1,0,0,0,0,0,1,0,1,1,12,0,0,0,0,0,0,1,0,0,0,0,0,0,2,1,0,0,0,0
https://faceboook.netlify.app/,30,0,2,0,0,0,0,0,1,0,1,1,21,0,1,0,0,0,0,1,0,0,0,1,0,0,0,1,1,0,0,1
https://www.annabelle.com.cy/,29,0,3,0,0,0,0,0,1,0,1,1,20,0,1,0,0,0,5,25,0,34,0,1,0,17,2,1,0,0,0,0
http://latinasonline09.webcindario.com/app/facebook.com/?lang=de,64,0,3,0,0,0,0,0,1,2,18,3,31,1,0,0,2,1,1,1,0,0,0,1,0,3,0,0,0,0,0,1
https://en.wikipedia.org/wiki/Ionosphere,40,0,2,0,0,0,0,0,1,0,16,2,16,1,1,0,0,0,0,171,0,1,0,1,0,10,0,0,0,0,0,0
https://netorgft754307-my.sharepoint.com/:b:/g/personal/shelley_collegeadvisorsne_com/ETeAXwoP0Z9HqUfODpU5UJ8BmF7CVxm8NQun0hSVoB71yA,132,1,2,0,0,2,0,0,1,15,92,5,32,1,1,0,0,0,0,0,0,1,0,0,0,5,0,0,0,0,0,1
https://cryonormgroup-my.sharepoint.com/personal/jglorie_cryonorm_com/_layouts/15/guestaccess.aspx?e=ksIEcu&share=EkKk_u3bn1pIllAzGyJIo1oBt6TRaNZ2_nrTiHKiV1tW-Q,160,2,3,1,0,5,0,0,1,8,59,5,31,1,1,0,52,2,0,0,0,1,0,0,0,5,0,1,1,0,0,1
http://goldcoastships.com/daum/daum/daaum/login.php,51,0,2,0,0,0,0,0,1,0,26,4,18,1,0,0,0,0,0,0,0,0,0,0,0,0,2,0,0,0,0,1
http://toppave.com.sg/,22,0,2,0,0,0,0,0,1,0,1,1,14,0,0,0,0,0,0,42,0,0,0,0,0,32,3,1,0,0,0,0
http://www.novell.com/documentation/oes11/dsfw_bp_lx/data/bookinfo.html,71,0,3,0,0,2,0,0,1,2,50,5,14,1,0,0,0,0,0,0,0,0,0,0,0,1,3,1,0,0,0,0
http://www.inquirelive.co.uk/,29,0,3,0,0,0,0,0,1,0,1,1,21,0,0,0,0,0,1,1,0,0,0,1,0,2,2,0,0,0,0,0
https://www.wordnik.com/words/blackletter,41,0,2,0,0,0,0,0,1,0,18,2,15,1,1,0,0,0,4,17,0,3,0,1,0,16,4,0,0,0,0,0
https://bit.ly/2E6D7J1,22,0,1,0,0,0,0,0,1,4,8,1,6,0,1,0,0,0,0,2,0,0,0,1,0,1,8,0,0,0,1,1
https://noithatchauau.vn/1./db/box/,35,0,2,0,0,0,0,0,1,1,11,4,16,0,1,0,0,0,0,85,0,7,0,0,0,31,3,1,1,0,0,1
https://www.gadgetzone.com.my/,30,0,3,0,0,0,0,0,1,0,1,1,21,0,1,0,0,0,2,11,0,0,0,0,0,24,2,0,0,0,1,0
http://98.126.214.77/ap/signin?openid.pape.max_auth_age=0&amp;openid.return_to=https://www.amazon.co.jp/?ref_=nav_em_hd_re_signin&amp;openid.identity=http://specs.openid.net/auth/2.0/identifier_select&amp;openid.assoc_handle=jpflex&amp;openid.mode=checkid_setup&amp;key=a@b.c&amp;openid.claimed_id=http://specs.openid.net/auth/2.0/identifier_select&amp;openid.ns=http://specs.openid.net/auth/2.0&amp;&amp;ref_=nav_em_hd_clc_signin,430,0,24,9,0,18,1,0,5,17,10,2,13,0,0,1,227,9,0,2,0,0,0,1,0,0,0,0,0,0,0,1
https://smallbusiness.chron.com/enabling-google-chrome-menu-bar-78783.html,74,5,3,0,0,0,0,0,1,5,43,1,23,1,1,0,0,0,0,0,0,0,0,0,0,0,0,1,0,0,0,0
https://www.wealthdaily.com/investment-opportunities/,53,1,2,0,0,0,0,0,1,0,26,2,19,1,1,0,0,0,6,17,0,0,0,0,0,39,0,1,0,0,0,0
https://www.emploi-petrole.com/,31,1,2,0,0,0,0,0,1,0,1,1,22,1,1,0,0,0,0,115,0,0,0,0,0,10,0,0,0,0,0,0
https://www.lovetheedit.com/,28,0,2,0,0,0,0,0,1,0,1,1,19,1,1,0,0,0,0,0,0,0,0,0,0,3,0,1,0,0,0,1
https://dic.academic.ru/dic.nsf/ruwiki/1425594,46,0,3,0,0,0,0,0,1,7,23,3,15,0,1,0,0,0,0,43,0,23,0,1,0,37,0,1,0,0,1,0
http://www.biology4kids.com/files/cell2_activetran.html,55,0,3,0,0,1,0,0,1,2,28,2,20,1,0,0,0,0,6,9,0,0,0,1,1,9,0,0,0,0,0,0
https://drive.google.com/file/d/1u7ag3FepresW0JRZehtrU5hLGGltMq6P/view,70,0,2,0,0,0,0,0,1,6,46,4,16,1,1,0,0,0,2,1,0,0,0,1,0,11,0,1,0,0,1,1
http://www.kuchyne-volf.com/obrazky/dinds/alibaba/index/,56,1,2,0,0,0,0,0,1,0,29,5,20,1,0,0,0,0,0,0,0,0,0,0,0,0,0,0,0,0,0,1
https://www.namecheap.com/domains/domain-name-search/,53,2,2,0,0,0,0,0,1,0,28,3,17,1,1,0,0,0,1,164,0,0,0,0,0,28,0,1,0,0,0,0
http://littlee.com.au/alibaba/login.alibaba.com.php,51,0,5,0,0,0,0,0,1,0,30,2,14,0,0,0,0,0,0,0,0,0,0,0,0,0,0,0,0,0,0,1
https://www.zeitschriften-abo.de/DE/NVG/,40,1,2,0,0,0,0,0,1,0,8,3,24,1,1,0,0,0,0,0,0,0,0,0,0,0,0,0,0,0,0,0
http://www.gmfs.co.za/js/Gdocs/s/,33,0,3,0,0,0,0,0,1,0,12,4,14,0,0,0,0,0,0,0,0,0,0,0,0,0,0,0,0,0,0,1
https://www.radware.com/security/ddos-knowledge-center/ddospedia/command-and-control-server/,92,5,2,0,0,0,0,0,1,0,69,5,15,1,1,0,0,0,3,40,0,1,0,1,0,39,0,2,2,0,0,0
https://www.iconfinder.com/icons/858729/computer_mouse_icon_computer_mouse_line_icon_mouse_mouse_icon_mouse_line_icon_icon,122,0,2,0,0,13,0,0,1,6,96,3,18,1,1,0,0,0,0,8,0,5,0,1,0,42,0,0,0,0,0,0
https://www.audioenglish.org/z/resolution.htm,45,0,3,0,0,0,0,0,1,0,17,2,20,1,1,0,0,0,5,88,0,4,0,0,0,3,0,1,0,0,0,0
http://artemisbet171.com/,25,0,1,0,0,0,0,0,1,3,1,1,17,1,0,0,0,0,0,0,0,0,0,0,0,0,0,1,1,0,0,1
http://www.speedcamupdates.com/,31,0,2,0,0,0,0,0,1,0,1,1,23,1,0,0,0,0,1,25,0,1,0,1,0,11,0,0,0,0,0,0
https://www.parkwhiz.com/p/new-york-city-parking/map/,53,3,2,0,0,0,0,0,1,0,29,4,16,1,1,0,0,0,1,11,0,2,3,1,0,42,0,1,0,1,0,0
https://oki.si/pkginfo/change/sitekeyverification.php?origin=cob&check=yes&destination=authentication,101,0,2,2,0,0,0,0,1,0,39,3,6,0,1,0,20,3,0,0,0,0,0,0,0,0,0,0,0,0,0,1
"data:,",6,0,0,0,0,0,0,0,0,0,1,0,0,0,0,0,0,0,0,0,0,0,0,0,0,0,0,1,1,0,0,0
http://barbo.sk/eshop/index.php,31,0,2,0,0,0,0,0,1,0,16,2,8,0,0,0,0,0,0,200,0,0,0,0,1,14,0,1,0,0,0,0
https://www.vpi.us/technical-articles/cat5-5e-6-standards-621,61,5,2,0,0,0,0,0,1,6,43,2,10,1,1,0,0,0,0,1381,0,0,0,0,0,2,0,1,0,0,0,0
https://fitnessista.com/the-perfect-protein-pancake/,52,3,1,0,0,0,0,0,1,0,29,2,15,1,1,0,0,0,1,139,0,2,0,0,0,92,0,1,0,0,0,0
http://www.condos-at-the-beach.com/home/cad.html,48,3,3,0,0,0,0,0,1,0,14,2,27,1,0,0,0,0,0,0,0,0,0,0,0,0,0,0,0,0,0,1
http://animaldiversity.org/accounts/Mus_musculus/,49,0,1,0,0,1,0,0,1,0,23,3,19,1,0,0,0,0,0,169,0,0,0,0,0,15,0,0,0,0,0,0
https://www.walmart.com/blocked?url=L2MvZXAvY2F0Ni1ldGhlcm5ldC1jYWJsZXM=&uuid=17f196d6-5cde-11ee-8493-9e9fb7b03290&vid=&g=b,123,4,2,3,0,0,0,0,1,27,8,1,15,1,1,0,73,3,0,2,0,0,0,1,0,0,0,1,0,0,0,0
https://science.howstuffworks.com/warp-speed.htm#pt2,52,1,3,0,0,0,0,1,1,1,15,1,25,1,1,0,0,0,4,130,0,7,3,0,0,45,0,1,0,1,1,0
https://www.sportshub.com.sg/Directions/Documents/Sports-Hub-Traffic-Brochure.pdf,81,3,4,0,0,0,0,0,1,0,53,3,20,0,1,0,0,0,5,25,0,2,0,0,0,23,0,1,0,0,0,0
https://srnonline.com/show-clocks,33,1,1,0,0,0,0,0,1,0,12,1,13,1,1,0,0,0,0,136,0,9,0,0,0,22,0,1,1,0,0,0
https://www.metal-supply.dk/,28,1,2,0,0,0,0,0,1,0,1,1,19,0,1,0,0,0,5,115,0,9,4,1,0,32,0,0,0,1,0,0
https://uxohd.app.link/rgofF0wPL4,33,0,2,0,0,0,0,0,1,2,11,1,14,0,1,0,0,0,0,1,0,0,0,1,0,1,0,0,0,0,0,1
https://www.net.com.br/,23,0,3,0,0,0,0,0,1,0,1,1,14,0,1,0,0,0,0,0,0,0,0,0,0,0,0,0,0,0,0,0
https://www.slideshare.net/ashamsvk/project-report-on-digital-media-marketing,77,5,2,0,0,0,0,0,1,0,51,2,18,1,1,0,0,0,3,334,0,0,3,0,0,56,0,0,0,1,1,0
https://metalinjection.net/reviews/album-review-lord-mantis-death-mask,70,5,1,0,0,0,0,0,1,0,44,2,18,1,1,0,0,0,5,151,0,21,0,0,0,108,0,1,1,0,0,0
https://www.youtube.com/user/PING,33,0,2,0,0,0,0,0,1,0,10,2,15,1,1,0,0,0,2,3,0,1,0,0,0,43,0,0,0,0,0,0
https://learn.sparkfun.com/tutorials/16,39,0,2,0,0,0,0,0,1,2,13,2,18,1,1,0,0,0,0,0,0,0,0,0,0,3,0,0,0,0,0,0
https://www.workiva.com/sg/,27,0,2,0,0,0,0,0,1,0,4,2,15,1,1,0,0,0,2,46,0,0,0,0,0,44,0,1,0,0,0,0
https://www.jobchannel.ch/,26,0,2,0,0,0,0,0,1,0,1,1,17,0,1,0,0,0,1,135,0,1,0,0,0,63,0,0,0,0,0,0
"data:,",6,0,0,0,0,0,0,0,0,0,1,0,0,0,0,0,0,0,0,0,0,0,0,0,0,0,0,1,1,0,0,0
https://www.matrixlab-examples.com/line-segment.html,52,2,3,0,0,0,0,0,1,0,18,1,26,1,1,0,0,0,7,4,0,0,0,0,0,35,0,1,0,0,0,0
https://www.slant.co/topics/2404/~file-managers-for-windows,59,3,2,0,0,0,0,0,1,4,39,3,12,0,1,0,0,0,0,1,0,0,0,1,0,0,0,0,0,0,0,0
https://www.computerhope.com/jargon/p/paraport.htm,50,0,3,0,0,0,0,0,1,0,22,3,20,1,1,0,0,0,4,9,0,2,0,0,0,14,0,0,0,0,0,0
http://judithleoni.com/telecom-de/index.php,43,1,2,0,0,0,0,0,1,0,21,2,15,1,0,0,0,0,0,0,0,0,0,0,0,0,0,0,0,0,0,1
http://creditiperhabbogratissicuro100.blogspot.it/2011/02/habbo-crediti-gratis-sicuro-100.html,94,4,3,0,0,0,0,0,1,12,45,3,42,1,0,0,0,0,0,0,0,0,0,0,0,0,0,0,0,0,0,1
https://www.apkbe.com/app/com.smartprojects.ramoptimization,59,0,4,0,0,0,0,0,1,0,38,2,13,1,1,0,0,0,0,15,0,0,0,1,0,8,0,1,1,0,0,0
https://bangla.plus/,20,0,1,0,0,0,0,0,1,0,1,1,11,0,1,0,0,0,0,25,0,1,0,1,0,8,0,1,0,0,0,0
https://visitor.constantcontact.com/manage/update/genemail?v=001MDKVK-KV0oGx0m9pen7VfbkCi3JbQH6CxWt2KJR3Sl7ocoW5oVQfUoZzmwKGQRldBj3DIQx_njBG0dZpWmiUe3pcjeVlJWx69PrGVPLH5iJhUKaVM_65A10roateFGYI76L1_HFN7Js=,204,1,2,0,0,3,0,0,1,27,23,3,27,1,1,0,143,1,0,0,0,0,0,0,0,6,0,0,0,0,1,1
https://accounts.google.com/v3/signin/identifier?continue=https%3A%2F%2Fstorage.cloud.google.com%2Fuser517497679326978.appspot.com%2Findex.html&followup=https%3A%2F%2Fstorage.cloud.google.com%2Fuser517497679326978.appspot.com%2Findex.html&ifkv=AYZoVhfXVq5bQktIzEvdVx6ordu5x0RhuZjg8cQr1o3O8xTievgP631jVLttwd2QHpkM0xSlbjACkg&passive=1209600&service=cds&flowName=WebLiteSignIn&flowEntry=ServiceLogin&dsh=S1309016146%3A1695782284319410#samsnow@tjsnow.com,450,0,15,7,11,0,1,1,1,88,21,3,19,1,1,0,291,8,1,4,0,0,0,1,0,0,0,1,1,0,0,1
http://www.laviosaviaggi.com/ver/webapps/2635a/websrc,53,0,2,0,0,0,0,0,1,4,25,4,21,1,0,0,0,0,0,0,0,0,0,0,0,0,0,0,0,0,0,1
https://www.skatteetaten.no/en/person/,38,0,2,0,0,0,0,0,1,0,11,3,19,0,1,0,0,0,1,7,0,5,0,1,0,10,0,1,1,0,0,1
https://norecipes.com/japanese-curry-scratch/,45,2,1,0,0,0,0,0,1,0,24,2,13,1,1,0,0,0,3,52,0,1,0,0,0,55,0,1,0,0,0,0
http://www.neutralsources.com/-/re.html,39,1,3,0,0,0,0,0,1,0,10,2,22,1,0,0,0,0,0,0,0,0,0,0,0,0,0,0,0,0,0,1
http://www.scancity.am/tmp/ibxolb/ibxolb/login/index-html/login/,64,1,2,0,0,0,0,0,1,0,42,7,15,0,0,0,0,0,0,0,0,0,0,0,0,0,0,0,0,0,0,1
https://www.intouchcrm.co.uk/app/settings/signupforms/v/Hosted.aspx?s=F01B6C73-FF67-42B2-A0FC-CB6D6A8F026A,106,4,4,0,0,0,0,0,1,17,39,5,20,0,1,0,36,1,0,0,0,0,0,0,0,0,0,0,0,0,0,1
https://bologna.babyloweb.eu/info/,34,0,2,0,0,0,0,0,1,0,6,2,20,0,1,0,0,0,0,1,0,9,0,1,0,2,0,0,0,0,0,1
https://en.wikipedia.org/wiki/Incorporation_of_the_Bill_of_Rights,65,0,2,0,0,5,0,0,1,0,41,2,16,1,1,0,0,0,0,122,0,1,0,1,0,7,0,0,0,0,0,0
https://www.abbreviations.com/term/16642,40,0,2,0,0,0,0,0,1,5,11,2,21,1,1,0,0,0,0,0,0,0,0,0,0,0,0,1,0,0,0,0
https://www.cnc-club.ru/forum/index.php,39,1,3,0,0,0,0,0,1,0,16,2,15,0,1,0,0,0,0,0,0,0,0,0,0,0,0,1,0,0,0,0
https://www.colgate.com/en-us/products/enamel-health,52,2,2,0,0,0,0,0,1,0,29,3,15,1,1,0,0,0,6,16,0,21,0,1,0,38,4,0,0,0,0,0
https://www.colgate.com/en-us/products/enamel-health,52,2,2,0,0,0,0,0,1,0,29,3,15,1,1,0,0,0,6,16,0,21,0,1,0,37,4,0,0,0,0,0
https://careers.stateuniversity.com/pages/100000947/Search-Engines-Future-User-Preferences-Artificial-Intelligence.html,119,6,3,0,0,0,0,0,1,9,84,3,27,1,1,0,0,0,8,8,0,0,0,0,0,15,4,1,0,0,0,0
https://energo-investment.hu/,29,1,1,0,0,0,0,0,1,0,1,1,20,0,1,0,0,0,2,132,0,19,0,0,0,155,2,1,0,0,0,0
"data:,",6,0,0,0,0,0,0,0,0,0,1,0,0,0,0,0,0,0,0,0,0,0,0,0,0,0,13,1,1,0,0,0
http://peypel.hol.es/,21,0,2,0,0,0,0,0,1,0,1,1,13,0,0,0,0,0,0,0,0,0,0,0,0,0,0,1,1,0,0,1
https://to-stromatadiko.gr/,27,1,1,0,0,0,0,0,1,0,1,1,18,0,1,0,0,0,0,168,0,23,0,0,0,4,2,1,0,0,0,1
http://logln-office365-0nline.wm.r.appspot.com/wp-content/xp.php,64,3,5,0,0,0,0,0,1,4,18,2,39,1,0,0,0,0,0,0,0,0,0,0,0,0,0,0,0,0,0,1
https://gpahb8bo-hbor35zkv.vercel.app/,38,1,2,0,0,0,0,0,1,3,1,1,29,0,1,0,0,0,0,1,0,0,0,1,0,0,0,0,0,0,0,1
https://www.vogella.com/tutorials/JavaAlgorithmsDijkstra/article.html,69,0,3,0,0,0,0,0,1,0,46,3,15,1,1,0,0,0,3,58,0,0,0,0,0,28,3,1,0,0,0,0
https://en.wikipedia.org/wiki/Medium_shot,41,0,2,0,0,1,0,0,1,0,17,2,16,1,1,0,0,0,0,42,0,2,0,0,0,10,0,0,0,0,0,0
https://en.wikipedia.org/wiki/Walnut_Creek_CDROM,48,0,2,0,0,2,0,0,1,0,24,2,16,1,1,0,0,0,0,52,0,2,0,0,0,10,0,0,0,0,0,0
http://www.nicaraguafood.org/,29,0,2,0,0,0,0,0,1,0,1,1,21,1,0,0,0,0,0,73,0,0,0,0,1,21,2,0,0,0,0,0
https://www.handshq.com/,24,0,2,0,0,0,0,0,1,0,1,1,15,1,1,0,0,0,2,18,0,2,0,1,0,17,2,0,0,0,1,0
https://www.w3schools.com/jsreF/jsref_obj_date.asp,50,0,3,0,0,2,0,0,1,1,25,2,17,1,1,0,0,0,21,175,0,0,0,1,0,24,4,0,0,0,0,0
https://www.kia.com/cz/dealer/pemmbrno/,39,0,2,0,0,0,0,0,1,0,20,4,11,1,1,0,0,0,5,233,0,15,0,0,0,51,2,0,0,0,0,0
https://www.liveatspencer68.com/,32,0,2,0,0,0,0,0,1,2,1,1,23,1,1,0,0,0,0,1,0,0,0,1,0,1,1,1,0,0,0,0
https://www.ablebits.com/office-addins-blog/excel-insert-hyperlink/,67,4,2,0,0,0,0,0,1,0,43,3,16,1,1,0,0,0,2,44,0,0,9,0,0,32,5,1,0,1,0,0
https://www.haciserif.com/,26,0,2,0,0,0,0,0,1,0,1,1,17,1,1,0,0,0,0,0,0,0,0,0,0,7,2,1,1,0,0,0
https://www.imdb.com/title/tt3682448/,37,0,2,0,0,0,0,0,1,7,17,3,12,1,1,0,0,0,0,0,0,0,0,0,0,0,8,1,0,0,0,0
https://www.alterego.gr/,24,0,2,0,0,0,0,0,1,0,1,1,15,0,1,0,0,0,1,10,0,4,0,1,0,12,2,0,0,0,0,0
https://www.sportsengine.com/solutions,38,0,2,0,0,0,0,0,1,0,10,1,20,1,1,0,0,0,3,73,0,0,0,0,0,38,5,1,0,0,0,0
http://topprioritys.appspot.com/u?purl=b2Qubmlnb2wvU1UvbW9jLml0aWMuZW5pbG5vLy86c3B0dGg=,87,0,2,0,0,0,0,0,1,11,2,1,24,1,0,0,48,1,1,6,0,0,0,1,0,2,0,0,0,0,0,1
https://wikireality.ru/wiki/Keyboard_Cat,40,0,1,0,0,1,0,0,1,0,18,2,14,0,1,0,0,0,0,15,0,0,0,1,0,7,2,1,1,0,0,0
https://www.grafikerler.org/,28,0,2,0,0,0,0,0,1,0,1,1,19,1,1,0,0,0,13,179,0,3,0,0,0,54,2,1,0,0,0,0
https://techland.time.com/2011/03/15/south-by-southwest-interactive-the-dawn-of-location-based-gaming/,102,9,2,0,0,0,0,0,1,8,77,5,17,1,1,0,0,0,0,0,0,0,0,0,0,0,0,1,0,0,0,0
https://www.choose-piano-lessons.com/electronic-keyboard.html,61,3,3,0,0,0,0,0,1,0,25,1,28,1,1,0,0,0,0,0,0,0,0,0,0,3,2,1,0,0,0,0
https://ourbaku.com/index.php/%D0%97%D0%B0%D0%B3%D0%BB%D0%B0%D0%B2%D0%BD%D0%B0%D1%8F_%D1%81%D1%82%D1%80%D0%B0%D0%BD%D0%B8%D1%86%D0%B0,133,0,2,0,34,1,0,0,1,36,114,2,11,1,1,0,0,0,6,6,0,3,0,0,0,7,2,1,1,0,0,0
"https://www.paypal.com/signin?returnUri=https://www.paypal.com/myaccount/transfer/send/external/ppme?profile%3Drecfr%26currencyCode%3DEUR%26amount%3D39.47%26locale.x%3Den_GB%26country.x%3DGB%26flowType%3Dsend&onboardData={%22country.x%22:%22GB%22,%22locale.x%22:%22en_GB%22,%22intent%22:%22paypalme%22,%22redirect_url%22:%22https://www.paypal.com/myaccount/transfer/send/external/ppme%3Fprofile%253Drecfr%2526currencyCode%253DEUR%2526amount%253D39.47%2526locale.x%253Den_GB%2526country.x%253DGB%2526flowType%253Dsend%22,%22sendMoneyText%22:%22You%27re%2520sending%2520PELHATE%2520PRISCILLIA%2520%25E2%2582%25AC39.47%22}&_ga=2.125062090.1744305625.1585744296-2030148928.1585744296",679,1,19,2,51,5,0,0,3,184,7,1,14,1,1,0,519,3,2,0,0,15,0,0,0,16,4,1,1,0,1,1
https://www.handlestore.com/,28,0,2,0,0,0,0,0,1,0,1,1,19,1,1,0,0,0,0,1,0,0,0,1,0,1,2,0,0,0,0,0
https://computer.howstuffworks.com/bittorrent1.htm,50,0,3,0,0,0,0,0,1,1,16,1,26,1,1,0,0,0,4,89,0,7,3,0,0,46,0,1,0,1,1,0
https://tlook-off365-signin.el.r.appspot.com/,45,2,4,0,0,0,0,0,1,3,1,1,36,1,1,0,0,0,0,0,0,0,0,0,0,0,0,0,0,0,0,1
http://botforbyks.blogspot.com/,31,0,2,0,0,0,0,0,1,0,1,1,23,1,0,0,0,0,6,42,0,0,0,0,1,70,0,1,1,0,1,1
http://alpreco.ro/wp-content/uploads/attractionvk.html,54,1,2,0,0,0,0,0,1,0,37,3,10,0,0,0,0,0,1,21,0,3,0,0,0,66,4,0,0,0,0,1
https://www.artediezvirtual.es/,31,0,2,0,0,0,0,0,1,0,1,1,22,0,1,0,0,0,0,628,0,4,0,0,0,13,4,1,0,0,0,0
https://utrackafrica.com/administrator/help/en-GB/activation.php?email=abuse@domain.com,87,1,3,0,0,0,1,0,1,0,40,4,16,1,1,0,16,1,0,1,0,0,0,0,0,11,4,1,0,0,0,1
https://www.researchgate.net/publication/271074231_The_Open_Source_Modelica_Project,83,0,2,0,0,5,0,0,1,9,55,2,20,1,1,0,0,0,1,1,0,0,0,1,0,1,4,0,0,0,0,0
https://www.imdb.com/title/tt0362165/,37,0,2,0,0,0,0,0,1,7,17,3,12,1,1,0,0,0,0,0,0,0,0,0,0,0,8,1,0,0,0,0
https://www.dictionary.com/browse/tabloid,41,0,2,0,0,0,0,0,1,0,15,2,18,1,1,0,0,0,10,106,0,0,0,0,0,34,4,1,0,0,0,0
http://www.songlyrics.com/lord-mantis/death-mask-lyrics/,56,3,2,0,0,0,0,0,1,0,31,3,18,1,0,0,0,0,27,26,0,13,0,0,0,66,2,0,0,0,0,0
https://www.weightworld.se/,27,0,2,0,0,0,0,0,1,0,1,1,18,0,1,0,0,0,1,87,0,1,0,0,0,48,2,0,0,0,0,0
https://www.graphic-design-employment.com/tabloid-paper-dimensions.html,71,4,3,0,0,0,0,0,1,0,30,1,33,1,1,0,0,0,0,0,0,0,0,0,0,4,2,1,0,0,0,0
https://manlike-seventies.000webhostapp.com/US/US.2018f587ffds8fds080f7dsfd/f87ds87fds8778sdf/sf87fd87f87ds87fsd87fds/f9dfs989fds89fds89dfs89fd/1/index.htm?platform=hootsuite&_branch_match_id=1235414766769588676&utm_medium=marketing&_branch_referrer=H4sIAAAAAAAAA8soKSkottLXLy1OSszL1kssKNDLyczL1vcrLHXMrXIONzC0L8hJLEnLL8q1zcjPLykuzSxJBQBczutmNQAAAA%3D%3D,354,1,4,3,2,6,0,0,1,74,112,7,35,1,1,0,137,4,0,4,0,0,0,1,0,6,2,1,1,0,1,1
https://www.facebook.com/imdbpro/,33,0,2,0,0,0,0,0,1,0,9,2,16,1,1,0,0,0,0,28,0,0,0,0,0,62,4,0,0,0,1,0
https://www.coursera.org/learn/algorithms-npcomplete,52,1,2,0,0,0,0,0,1,0,28,2,16,1,1,0,0,0,0,74,0,0,0,0,0,62,4,0,0,0,1,0
https://www.eliteprospects.com/,31,0,2,0,0,0,0,0,1,0,1,1,22,1,1,0,0,0,10,164,0,0,0,1,0,107,6,0,0,0,1,0
https://cutt.us/BQQgA,21,0,1,0,0,0,0,0,1,0,6,1,7,1,1,0,0,0,0,1,0,0,0,1,0,5,3,1,1,0,0,1
https://www.columbusonlineauctions.com/cgi-bin/mnhistory.cgi?coa9/1,67,1,3,0,0,0,0,0,1,2,22,2,30,1,1,0,0,0,0,0,0,0,0,0,0,0,2,1,0,0,0,0
https://www.ghacks.net/2010/04/13/setting-up-a-content-delivery-network-in-wordpress/,85,7,2,0,0,0,0,0,1,8,63,5,14,1,1,0,0,0,0,1,0,0,0,1,0,1,2,0,0,0,0,0
https://simple.wikipedia.org/wiki/Gettysburg_Address,52,0,2,0,0,1,0,0,1,0,24,2,20,1,1,0,0,0,0,211,0,1,0,1,0,10,0,0,0,0,0,0
https://www.sevenforums.com/drivers/210625-bluetooth-peripheral-device-driver-device-unplugged-not-found.html,109,8,3,0,0,0,0,0,1,6,82,2,19,1,1,0,0,0,1,1,0,0,0,1,0,1,2,0,0,0,0,0
https://photographyspark.com/search-engine-optimization-for-photographers-seo-basics/,85,6,1,0,0,0,0,0,1,0,57,2,20,1,1,0,0,0,18,43,0,0,0,0,0,57,2,1,0,0,1,0
https://accounts.google.com/v3/signin/identifier?continue=https%3A%2F%2Fsites.google.com%2Fview%2Fdealsd%2Fhome%3Ffbclid%3DIwAR2JJYu14sqA2gp31cX8lhEKvYkF-8EC51J4YYyOzXh25AaPmeKesPgd9dg&followup=https%3A%2F%2Fsites.google.com%2Fview%2Fdealsd%2Fhome%3Ffbclid%3DIwAR2JJYu14sqA2gp31cX8lhEKvYkF-8EC51J4YYyOzXh25AaPmeKesPgd9dg&ifkv=AYZoVheh7oMqh0u0Tw6fN3tvdyAu4gCuiJZpNnXeI9ghpTX3aJU1UhcwTb2L4rNnMz9UVNoBTgQmiA&osid=1&passive=1209600&flowName=WebLiteSignIn&flowEntry=ServiceLogin&dsh=S1259059823%3A1695784305890184,508,2,6,7,17,0,0,0,1,92,21,3,19,1,1,0,359,8,1,4,0,0,0,1,0,0,0,1,1,0,0,1
https://masterhealthcaregroup.com/wp-content/uploads/Office369/cfb7a0824144625b1067e3859bb85ffc/Login.php?websrc=59c275dc2e97dd3b896ed4ff2b82a8fd&dispatched=29&id=878485762,172,1,2,2,0,0,0,0,1,52,72,5,25,1,1,0,43,3,0,37,0,2,0,0,0,36,2,1,0,0,0,1
http://xbooks.to/,17,0,1,0,0,0,0,0,1,0,1,1,9,0,0,0,0,0,1,0,0,0,0,0,0,2,2,0,0,0,0,0
http://techteach.no/,20,0,1,0,0,0,0,0,1,0,1,1,12,0,0,0,0,0,0,1,0,0,0,0,0,0,2,1,0,0,0,0
https://faceboook.netlify.app/,30,0,2,0,0,0,0,0,1,0,1,1,21,0,1,0,0,0,0,1,0,0,0,1,0,0,0,1,1,0,0,1
https://www.annabelle.com.cy/,29,0,3,0,0,0,0,0,1,0,1,1,20,0,1,0,0,0,5,25,0,34,0,1,0,17,2,1,0,0,0,0
http://latinasonline09.webcindario.com/app/facebook.com/?lang=de,64,0,3,0,0,0,0,0,1,2,18,3,31,1,0,0,2,1,1,1,0,0,0,1,0,3,0,0,0,0,0,1
https://en.wikipedia.org/wiki/Ionosphere,40,0,2,0,0,0,0,0,1,0,16,2,16,1,1,0,0,0,0,171,0,1,0,1,0,10,0,0,0,0,0,0
https://netorgft754307-my.sharepoint.com/:b:/g/personal/shelley_collegeadvisorsne_com/ETeAXwoP0Z9HqUfODpU5UJ8BmF7CVxm8NQun0hSVoB71yA,132,1,2,0,0,2,0,0,1,15,92,5,32,1,1,0,0,0,0,0,0,1,0,0,0,5,0,0,0,0,0,1
https://cryonormgroup-my.sharepoint.com/personal/jglorie_cryonorm_com/_layouts/15/guestaccess.aspx?e=ksIEcu&share=EkKk_u3bn1pIllAzGyJIo1oBt6TRaNZ2_nrTiHKiV1tW-Q,160,2,3,1,0,5,0,0,1,8,59,5,31,1,1,0,52,2,0,0,0,1,0,0,0,5,0,1,1,0,0,1
http://goldcoastships.com/daum/daum/daaum/login.php,51,0,2,0,0,0,0,0,1,0,26,4,18,1,0,0,0,0,0,0,0,0,0,0,0,0,2,0,0,0,0,1
http://toppave.com.sg/,22,0,2,0,0,0,0,0,1,0,1,1,14,0,0,0,0,0,0,42,0,0,0,0,0,32,3,1,0,0,0,0
http://www.novell.com/documentation/oes11/dsfw_bp_lx/data/bookinfo.html,71,0,3,0,0,2,0,0,1,2,50,5,14,1,0,0,0,0,0,0,0,0,0,0,0,1,3,1,0,0,0,0
http://raesewsart.com/esewsarlokcke/,36,0,1,0,0,0,0,0,1,0,15,2,14,1,0,0,0,0,0,0,0,4,0,0,0,1,2,0,0,0,0,1
https://www.tulsapolice.org/police-report/collision-report.aspx,63,2,3,0,0,0,0,0,1,0,36,2,19,1,1,0,0,0,1,37,0,0,0,0,0,35,2,0,0,0,1,0
https://dorkdiaries.co.uk/,26,0,2,0,0,0,0,0,1,0,1,1,17,0,1,0,0,0,1,11,0,0,0,0,0,12,6,1,0,0,1,0
https://youwin843.com/,22,0,1,0,0,0,0,0,1,3,1,1,13,1,1,0,0,0,0,0,0,0,0,0,0,0,0,1,1,0,0,1
http://jeticdesigns.asia/wp-includes/js/tinymce/plugins/hr/content/update/webmail.php,85,1,2,0,0,0,0,0,1,0,61,8,17,0,0,0,0,0,0,0,0,0,0,0,0,0,2,0,0,0,0,1
http://skilful-courage-283714.nw.r.appspot.com/home.html,56,2,5,0,0,0,0,0,1,6,10,1,39,1,0,0,0,0,0,0,0,0,0,0,0,0,0,0,0,0,0,1
https://immo.numeriklabs.com/region/CA-2.0/CA/,46,1,3,0,0,0,0,0,1,2,18,4,20,1,1,0,0,0,0,38,0,0,0,0,0,16,0,0,0,0,0,1
http://satkom.id/img/clpds/index.php,36,0,2,0,0,0,0,0,1,0,20,3,9,0,0,0,0,0,0,1,0,0,0,1,0,0,2,0,0,0,0,1
http://p30banksoal.blogfa.com/,30,0,2,0,0,0,0,0,1,2,1,1,22,1,0,0,0,0,0,2,0,0,0,1,0,0,0,1,0,0,0,0
http://cartetitolare-italy.www1.biz/portaleTitolares11/,55,1,2,0,0,0,0,0,1,3,20,2,28,0,0,0,0,0,0,0,0,0,0,0,0,0,2,0,0,0,0,1
https://www.thefreedictionary.com/compact+disc,46,0,2,0,0,0,0,0,1,0,13,1,25,1,1,0,0,0,1,195,0,0,0,1,0,18,6,1,0,0,1,0
https://www.arcanelegendsgame.com/,34,0,2,0,0,0,0,0,1,0,1,1,25,1,1,0,0,0,0,25,0,8,0,1,0,1,4,1,0,0,0,0
https://andreacostafisio.com.br/wp-content/plugins/adob/login.php?cmd=login_submit&amp;id=9c127b2a76a05cb1ee8818971b2032049c127b2a76a05cb1ee8818971b203204&amp;session=9c127b2a76a05cb1ee8818971b2032049c127b2a76a05cb1ee8818971b203204,231,1,3,2,0,1,0,0,1,92,34,4,23,0,1,0,140,3,1,1,0,0,0,1,0,1,2,0,0,0,0,1
https://www.casinocitytimes.com/,32,0,2,0,0,0,0,0,1,0,1,1,23,1,1,0,0,0,1,36,0,0,0,1,0,7,2,1,0,0,0,0
https://www.smart-wiki.net/,27,1,2,0,0,0,0,0,1,0,1,1,18,1,1,0,0,0,0,45,0,0,0,0,0,15,3,0,0,0,0,0
http://www.shadetreetechnology.com/V4/validation/efbe45e31b19a2f237879c43c1825c6b,81,0,2,0,0,0,0,0,1,21,47,3,27,1,0,0,0,0,0,1,0,0,0,1,0,5,2,0,0,0,0,1
https://www.lifewire.com/free-memory-test-programs-2626178,58,4,2,0,0,0,0,0,1,7,34,1,16,1,1,0,0,0,2,174,0,4,0,0,0,14,8,0,0,0,0,0
https://kywait.blogspot.com/,28,0,2,0,0,0,0,0,1,0,1,1,19,1,1,0,0,0,6,83,0,18,0,1,0,49,0,0,0,0,0,0
https://www.drawdown.org/,25,0,2,0,0,0,0,0,1,0,1,1,16,1,1,0,0,0,4,47,0,49,0,0,0,54,3,0,0,0,0,0
https://jamthomp.weebly.com/,28,0,2,0,0,0,0,0,1,0,1,1,19,1,1,0,0,0,0,1,0,0,0,1,0,16,0,0,0,0,0,0
https://www.roku.com/discovery-tlc-animal-planet-science-discovery-investigation-now-streaming-on-the-roku-platform,115,12,2,0,0,0,0,0,1,0,95,1,12,1,1,0,0,0,1,102,0,5,0,0,0,25,4,1,1,0,0,0
https://www.lebara.com.au/,26,0,3,0,0,0,0,0,1,0,1,1,17,0,1,0,0,0,6,47,0,8,0,0,0,75,2,0,0,0,0,0
http://uniteddental.ca/new/trust/db/,36,0,1,0,0,0,0,0,1,0,14,4,15,1,0,0,0,0,0,0,0,0,0,0,0,0,2,0,0,0,0,1
https://hublaalikes.com/login,29,0,1,0,0,0,0,0,1,0,6,1,15,1,1,0,0,0,1,5,0,1,0,0,0,22,2,0,0,0,0,1
https://noreply-netelle.blogspot.com/,37,1,2,0,0,0,0,0,1,0,1,1,28,1,1,0,0,0,0,12,0,0,0,1,0,8,0,0,0,0,0,1
https://www.recyclingcenters.org/,33,0,2,0,0,0,0,0,1,0,1,1,24,1,1,0,0,0,10,2,0,1,0,1,0,11,4,0,0,0,0,0
https://www.wikihow.com/Set-Up-a-Wireless-Router,48,4,2,0,0,0,0,0,1,0,25,1,15,1,1,0,0,0,7,36,0,43,0,0,0,42,6,1,0,0,0,0
https://www.101domain.com/,26,0,2,0,0,0,0,0,1,3,1,1,17,1,1,0,0,0,1,176,0,0,0,0,0,42,2,0,0,0,0,0
https://zhanggroup.org/ThreaDom/,32,0,1,0,0,0,0,0,1,0,10,2,14,1,1,0,0,0,0,115,0,0,0,0,0,0,2,1,1,0,0,0
https://www.zerodollartips.com/best-search-engines-in-the-world/,64,5,2,0,0,0,0,0,1,0,34,2,22,1,1,0,0,0,10,97,0,4,0,0,0,68,3,1,0,0,0,0
https://useful-maxim-276319.uc.r.appspot.com/off365.html,56,2,5,0,0,0,0,0,1,9,12,1,36,1,1,0,0,0,0,0,0,0,0,0,0,0,0,0,0,0,0,1
https://zmail221.appspot.com/,29,0,2,0,0,0,0,0,1,3,1,1,20,1,1,0,0,0,0,0,0,0,0,0,0,0,0,1,0,0,0,1
http://www.piano-play-it.com/layout-piano-keys.html,51,4,3,0,0,0,0,0,1,0,23,1,21,1,0,0,0,0,9,56,0,0,0,0,0,21,2,0,0,0,0,0
https://twowheelcool.com/twitter.com/index759b.html,51,0,3,0,0,0,0,0,1,3,27,2,16,1,1,0,0,0,0,1,0,0,0,1,0,5,2,1,0,0,0,1
http://www.gaudi.ch/GaudiLabs/?page_id=19,41,0,2,0,0,1,0,0,1,2,11,2,12,0,0,0,2,1,0,48,0,0,0,0,0,31,3,0,0,0,0,0
https://www.nairaland.com/1208097/meet-cnn-internationals-anchors-reporters,75,4,2,0,0,0,0,0,1,7,50,2,17,1,1,0,0,0,0,5,0,0,0,0,0,7,2,1,0,0,0,0
https://www.blindkids.org/,26,0,2,0,0,0,0,0,1,0,1,1,17,1,1,0,0,0,0,0,0,0,0,0,0,0,2,0,0,0,0,0
https://www.cloudaccess.net/cloud-control-panel-ccp/157-dns-management/319-resolving-dns-http-redirect-issues.html,114,10,3,0,0,0,0,0,1,6,87,3,19,1,1,0,0,0,0,26,0,7,0,1,0,21,2,0,0,0,0,0
https://centromusicalpaternense.es/wp-includes/css/,51,1,1,0,0,0,0,0,1,0,17,3,26,0,1,0,0,0,0,0,0,0,0,0,0,0,2,1,0,0,0,1
https://shop.russeprofilering.no/,33,0,2,0,0,0,0,0,1,0,1,1,24,0,1,0,0,0,1,68,0,2,0,0,0,92,0,1,1,0,0,0
https://www.archives.gov/milestone-documents/list,49,1,2,0,0,0,0,0,1,0,25,2,16,1,1,0,0,0,2,15,0,0,0,1,0,27,2,1,1,0,0,0
https://store.danoday.com/radio-hotclock,40,1,2,0,0,0,0,0,1,0,15,1,17,1,1,0,0,0,1,57,0,0,0,0,0,22,3,1,1,0,1,0
https://domwin-pjf2hfmn.github.io/,34,1,2,0,0,0,0,0,1,1,1,1,25,1,1,0,0,0,0,3,0,0,0,1,0,0,0,0,0,0,0,1
https://www.sitepoint.com/the-blackletter-typeface-a-long-and-colored-history/,78,7,2,0,0,0,0,0,1,0,53,2,17,1,1,0,0,0,1,22,0,0,0,0,0,15,4,0,0,0,0,0
https://monovative-my.sharepoint.com/:o:/g/personal/user_monovative_onmicrosoft_com/EmCzKJnKZgxDtejtstZ67qQBlkNaRN4Da620KjAjE91eWQ?e=5:wesEg8&amp;at=9,150,1,2,1,0,3,0,0,1,11,94,5,28,1,1,0,9,2,0,0,0,0,0,0,0,0,0,1,1,0,0,1
https://www.unmannedtechshop.co.uk/,35,0,3,0,0,0,0,0,1,0,1,1,26,0,1,0,0,0,1,470,0,5,0,0,0,90,2,0,0,0,0,0
https://www.fingerprintzone.com/fingerprint-patterns.php,56,1,3,0,0,0,0,0,1,0,25,1,23,1,1,0,0,0,4,0,0,1,0,0,0,5,2,1,1,0,0,0
http://www.personalniyhoroskop.com/,35,0,2,0,0,0,0,0,1,0,1,1,27,1,0,0,0,0,0,0,0,0,0,0,0,3,2,0,0,0,0,0
https://scenari.software/en/,28,0,1,0,0,0,0,0,1,0,4,2,16,0,1,0,0,0,0,0,0,0,0,0,0,0,2,1,0,0,0,0
http://ww7.chiomegaslo.com/,27,0,2,0,0,0,0,0,1,1,1,1,19,1,0,0,0,0,0,0,0,0,0,0,0,1,0,1,1,0,0,0
http://www.pracadarepublicaembeja.net/2020/03/geral/menina-dos-olhos-dagua/,75,3,2,0,0,0,0,0,1,6,38,5,30,1,0,0,0,0,1,7,0,0,0,0,0,271,4,1,0,0,0,1
https://www.atmi.gr/,20,0,2,0,0,0,0,0,1,0,1,1,11,0,1,0,0,0,0,72,0,18,0,0,0,71,2,1,0,0,0,0
https://www.iplocation.net/mac-address,38,1,2,0,0,0,0,0,1,0,12,1,18,1,1,0,0,0,9,56,0,5,0,0,0,65,2,0,0,0,0,0
https://www.bgcdecatur.com/?cmd=login_submit&amp;id=a699d331b0c43888ac3ced2190693fc8a699d331b0c43888ac3ced2190693fc8&amp;session=a699d331b0c43888ac3ced2190693fc8a699d331b0c43888ac3ced2190693fc8,193,0,2,2,0,1,0,0,1,84,1,1,18,1,1,0,140,3,0,20,0,1,0,1,0,17,2,1,1,0,0,1
https://utefilm.no/signin/lik/emailprovider/signin/,51,0,1,0,0,0,0,0,1,0,33,5,10,0,1,0,0,0,0,0,0,0,0,0,0,0,0,1,0,0,0,1
https://forums.digitalpoint.com/threads/how-to-convert-txt-files-to-csv.1446799/,80,6,3,0,0,0,0,0,1,7,49,3,23,1,1,0,0,0,3,160,0,0,0,1,0,19,0,0,0,0,0,0
https://sylviamclain-my.sharepoint.com/personal/sylvia_sylviamclain_com/_layouts/15/WopiFrame.aspx?guestaccesstoken=UPb1cRnmNypLjdqQCkkArBjkN2Rlitq4OTpLJlYYSoE%3d&docid=1_1c137d9cfdf0c4518a86e6db683563e30&wdFormId=%7B79C56373%2D6E2C%2D4F1C%2D9679%2D6C47534174D5%7D&action=formsubmit,282,1,3,3,7,4,0,0,1,59,60,5,30,1,1,0,127,4,0,0,0,1,0,0,0,5,0,0,0,0,0,1
https://eternityflooringcom-my.sharepoint.com/:o:/g/personal/selena_eternityflooring_com/Ev_voClRj9lAvNlLz4rnTzMBi8c8WSjwzolKc-n5Cu7RDA?e=BkedRb,144,2,2,0,0,3,0,0,1,6,90,5,37,1,1,0,6,1,0,0,0,1,0,0,0,5,0,0,0,0,0,1
https://www.conceptcarz.com/,28,0,2,0,0,0,0,0,1,0,1,1,19,1,1,0,0,0,4,82,0,7,0,0,0,24,0,0,0,0,0,0
https://www.computerhope.com/jargon/m/memocard.htm,50,0,3,0,0,0,0,0,1,0,22,3,20,1,1,0,0,0,4,9,0,2,0,0,0,14,0,0,0,0,0,0
https://www.slideshare.net/gibsondaniel83/market-segmentation-targeting-and-positioning,87,4,2,0,0,0,0,0,1,2,61,2,18,1,1,0,0,0,3,203,0,0,3,0,0,56,0,0,0,1,1,0
http://www.latos.co.kr/js/erusr/united/ep/meniu1.htm?theinfored=2718ad761726asdg12765asd7612jgasd87612,102,0,4,0,0,0,0,0,1,25,30,5,15,0,0,0,38,1,0,0,0,0,0,0,0,0,0,0,0,0,0,1
https://www.armstronggarden.com/?SID=k11lf2097p3d8ucjusrcidcle6,63,0,2,0,0,0,0,0,1,9,1,1,23,1,1,0,26,1,34,183,0,0,0,0,0,31,0,0,0,0,1,0
https://captcha.orange.fr/?csid=fa68e680-4735-4b32-aed6-f1ec114f9f48&captchaService=idme,88,4,2,1,0,0,0,0,1,20,1,1,17,1,1,0,40,2,1,1,0,1,0,1,0,49,0,1,1,0,1,1
https://www.voog.com/,21,0,2,0,0,0,0,0,1,0,1,1,12,1,1,0,0,0,1,33,0,1,8,0,0,21,0,0,0,1,0,0
https://onedrive.live.com/View.aspx?resid=10CFFC6B51DB82AC!153&wd=target(Quick%20Notes.one%7Ccd13eb19-aaf3-4c93-a670-061989e18e00/Action%20Resources%20LLC%7Cf534fab2-d680-4611-955e-a0387fdb8b59/)&wdo=2&authkey=!ALqQ7O8Z1y7c_5w,226,8,4,3,5,1,0,0,1,66,10,1,17,1,1,0,156,4,1,0,0,0,0,0,0,16,0,1,0,0,1,1
http://67.199.68.195/intservices.htm,36,0,4,0,0,0,0,0,1,10,16,1,13,0,0,1,0,0,0,0,0,0,0,0,0,0,0,0,0,0,0,1
https://www.sammonsfinancialgroup.com/,38,0,2,0,0,0,0,0,1,0,1,1,29,1,1,0,0,0,1,14,0,4,0,1,0,14,0,0,0,0,0,0
http://www.chinadryer.cn/pa,27,0,2,0,0,0,0,0,1,0,3,1,17,0,0,0,0,0,0,0,0,0,0,0,0,0,0,0,0,0,0,1
https://docs.google.com/forms/d/e/1FAIpQLSfDwn92QVW38Ss-20KziPdDCTGi6S6IH4nAsXeQlGTvdjh4eA/closedform,101,1,2,0,0,0,0,0,1,11,78,5,15,1,1,0,0,0,0,1,0,0,0,1,0,2,0,0,0,0,0,1
http://sjec.edu.in/,19,0,2,0,0,0,0,0,1,0,1,1,11,0,0,0,0,0,5,16,0,26,0,1,0,23,0,1,0,0,0,0
http://www.kreport.com/tmp/,27,0,2,0,0,0,0,0,1,0,5,2,15,1,0,0,0,0,0,0,0,0,0,0,0,0,0,0,0,0,0,1
https://workspaceupdates.googleblog.com/2023/04/new-community-features-for-google-chat-and-an-update-currents%20.html,117,9,3,0,1,0,0,0,1,8,78,3,31,1,1,0,0,0,1,355,0,0,0,0,0,22,0,1,1,0,0,0
http://securkenya.com/wp-content/dh1,36,1,1,0,0,0,0,0,1,1,15,2,14,1,0,0,0,0,0,0,0,0,0,0,0,0,0,0,0,0,0,1
http://www.orafaq.com/wiki/Roles_and_Responsibilities,53,0,2,0,0,2,0,0,1,0,32,2,14,1,0,0,0,0,4,6,0,0,0,1,0,8,0,0,0,0,0,0
https://beteebetgiris.blogspot.com/,35,0,2,0,0,0,0,0,1,0,1,1,26,1,1,0,0,0,0,12,0,0,0,1,0,8,0,0,0,0,0,1
http://yxeepsek.net/suspended?a=3&u=19416486,44,0,1,1,0,0,0,0,1,9,10,1,12,1,0,0,9,2,0,1,0,0,0,1,0,3,0,1,1,0,1,1
http://www.extremetech.com/computing/179066-what-is-mesh-networking-and-why-apples-adoption-in-ios-7-could-change-the-world,123,15,2,0,0,0,0,0,1,7,97,2,19,1,0,0,0,0,0,1,0,0,0,1,0,1,2,0,0,0,0,0
https://www.habitas.org.uk/nimars/index.htm?page=/nimars/mmusculush.htm,71,0,5,0,0,0,0,0,1,0,17,2,18,0,1,0,22,1,0,2,0,0,0,1,0,0,2,1,0,0,0,0
https://www.winxdvd.com/windows-10/movie-maker-download.htm,59,3,3,0,0,0,0,0,1,2,36,2,15,1,1,0,0,0,2,14,0,0,0,1,0,10,2,0,0,0,0,0
https://www.helpathome.com/,27,0,2,0,0,0,0,0,1,0,1,1,18,1,1,0,0,0,2,43,0,0,0,0,0,65,2,1,0,0,0,0
https://robotic-tide-275809.el.r.appspot.com/file-852/index.html?authwall=trk=ripf,82,3,5,0,0,0,0,0,1,9,20,2,36,1,1,0,8,1,0,0,0,0,0,0,0,0,0,0,0,0,0,1
https://en.wikibooks.org/wiki/Operating_System_Design/File_Systems/Allocation,77,0,2,0,0,3,0,0,1,0,53,4,16,1,1,0,0,0,0,27,0,0,0,1,0,7,0,0,0,0,0,0
https://www.agri85.fr/V4/index.php,34,0,3,0,0,0,0,0,1,3,13,2,13,1,1,0,0,0,3,65,0,2,0,0,0,15,2,1,0,0,0,1
https://218betasus.com/,23,0,1,0,0,0,0,0,1,3,1,1,14,1,1,0,0,0,0,0,0,0,0,0,0,0,0,1,1,0,0,1
https://www.discogs.com/artist/40029-Linkin-Park,48,2,2,0,0,0,0,0,1,5,25,2,15,1,1,0,0,0,1,46,0,0,0,0,0,35,4,1,0,0,1,0
https://www.hipertrofia.org/blog/,33,0,2,0,0,0,0,0,1,0,6,2,19,1,1,0,0,0,0,127,0,7,0,0,0,29,2,0,0,0,0,0
http://paypal-support-help-inc.blogspot.com/?REDACTED,53,3,2,0,0,0,0,0,1,0,1,1,36,1,0,0,0,0,0,12,0,0,0,1,0,8,0,0,0,0,0,1
http://www.minus40.info/ice/dracula-old.html,44,1,3,0,0,0,0,0,1,2,21,2,16,0,0,0,0,0,0,0,0,0,0,0,0,3,2,0,0,0,0,0
https://www.goodgame.hr/,24,0,2,0,0,0,0,0,1,0,1,1,15,0,1,0,0,0,5,235,0,9,0,0,0,77,3,1,0,0,0,0
http://dasisko.sk/,18,0,1,0,0,0,0,0,1,0,1,1,10,0,0,0,0,0,0,134,0,2,0,0,1,80,3,1,0,0,0,0
https://www.codeboiler.net/,27,0,2,0,0,0,0,0,1,0,1,1,18,1,1,0,0,0,3,22,0,4,0,0,0,14,3,1,0,0,0,0
https://elegant-meitner-d64348.netlify.app/,43,2,2,0,0,0,0,0,1,5,1,1,34,0,1,0,0,0,0,1,0,0,0,1,0,0,0,1,0,0,0,1
https://www.definitions.net/definition/compact%20disc,53,0,2,0,1,0,0,0,1,2,26,2,19,1,1,0,0,0,0,0,0,0,0,0,0,0,4,1,0,0,0,0
https://en-academic.com/dic.nsf/enwiki/189565,45,1,2,0,0,0,0,0,1,6,22,3,15,1,1,0,0,0,0,38,0,26,0,0,0,26,5,1,1,0,0,0
http://taste-s.blogspot.com/,28,1,2,0,0,0,0,0,1,0,1,1,20,1,0,0,0,0,5,412,0,0,0,0,1,66,0,0,0,0,0,0
"data:,",6,0,0,0,0,0,0,0,0,0,1,0,0,0,0,0,0,0,0,0,0,0,0,0,0,0,13,1,1,0,0,0
http://setaccess.webflow.io/,28,0,2,0,0,0,0,0,1,0,1,1,20,1,0,0,0,0,0,0,0,0,0,0,0,2,0,0,0,0,1,1
http://www.iptvlinkusa.com/,27,0,2,0,0,0,0,0,1,0,1,1,19,1,0,0,0,0,0,0,0,0,0,0,0,0,5,0,0,0,0,0
https://www.gradschools.com/programs/graphic-design-multimedia,62,2,2,0,0,0,0,0,1,0,35,2,19,1,1,0,0,0,1,1,0,0,0,1,0,1,2,0,0,0,0,0
http://vkaktivations23.bos.ru/,30,0,2,0,0,0,0,0,1,2,1,1,22,0,0,0,0,0,0,16,0,0,0,1,0,2,0,1,0,0,0,1
http://www.geocities.ws/steamcom/,33,0,2,0,0,0,0,0,1,0,10,2,16,0,0,0,0,0,0,1,0,0,0,1,0,1,2,0,0,0,0,1
https://www.hpcfactor.com/forums/forums/thread-view.asp?tid=15430&start=1,73,1,3,1,0,0,0,0,1,6,30,3,17,1,1,0,6,2,0,7,0,0,0,1,0,1,3,1,0,0,0,0
https://metropolitandecor.com/,30,0,1,0,0,0,0,0,1,0,1,1,21,1,1,0,0,0,1,2,0,0,3,1,0,135,2,1,1,1,0,0
http://mlcrosoft-0nedrive-portal.el.r.appspot.com/favicon.ico,61,2,5,0,0,0,0,0,1,1,12,1,42,1,0,0,0,0,0,0,0,0,0,0,0,0,0,0,0,0,0,1
https://gcd.com/protected/,26,0,1,0,0,0,0,0,1,0,11,2,7,1,1,0,0,0,0,3,0,0,0,1,0,5,6,1,1,0,0,0
https://www.hugedomains.com/domain_profile.cfm?d=imsly.com,58,0,4,0,0,1,0,0,1,0,19,1,19,1,1,0,9,1,2,57,0,5,0,1,0,22,2,1,1,0,0,1
https://www.henrikssonbygg.se/libraries/legacy/log/Update/,58,0,2,0,0,0,0,0,1,0,29,5,21,0,1,0,0,0,0,0,0,0,0,0,0,0,2,1,0,0,0,1
https://shopforaurelia.com/,27,0,1,0,0,0,0,0,1,0,1,1,18,1,1,0,0,0,3,7,0,2,0,1,0,51,2,1,1,0,0,0
http://morganis.com.au/secure/rawfile/index.php,47,0,3,0,0,0,0,0,1,0,25,3,15,0,0,0,0,0,0,1,0,0,0,1,0,0,3,0,0,0,0,1
https://phpsecurity.readthedocs.io/en/latest/Transport-Layer-Security-(HTTPS-SSL-and-TLS).html,94,6,3,0,0,0,0,0,1,0,60,3,26,1,1,0,0,0,0,18,0,1,0,1,0,12,0,1,0,0,0,0
https://www.dictionary.com/browse/select-committee,50,1,2,0,0,0,0,0,1,0,24,2,18,1,1,0,0,0,11,106,0,0,0,0,0,34,4,1,0,0,0,0
https://www.ingame.de/,22,0,2,0,0,0,0,0,1,0,1,1,13,1,1,0,0,0,8,107,0,0,0,0,0,64,4,0,0,0,0,0
https://www.hfunderground.com/wiki/Ionosphere,45,0,2,0,0,0,0,0,1,0,16,2,21,1,1,0,0,0,12,5,0,0,0,1,0,0,5,0,0,0,0,0
https://groupmatrix-my.sharepoint.com/:b:/p/corey/ET6Ze1x7jpFDrDsE7epkx0QBw6CjjBu7eoewNkWP0Ho3mQ?e=Ql2oJS,105,1,2,0,0,0,0,0,1,10,59,4,29,1,1,0,6,1,0,0,0,1,0,0,0,5,0,0,0,0,0,1
http://ww38.shellyfergusonphotography.com/,42,0,2,0,0,0,0,0,1,2,1,1,34,1,0,0,0,0,1,1,0,0,0,1,0,2,0,1,1,0,0,0
https://www.hootsuite.com/pages/owly,36,0,2,0,0,0,0,0,1,0,11,2,17,1,1,0,0,0,0,26,0,0,0,1,0,28,4,1,1,0,0,1
https://www.hugedomains.com/domain_profile.cfm?d=vegapages.com,62,0,4,0,0,1,0,0,1,0,19,1,19,1,1,0,13,1,2,53,0,5,0,1,0,22,2,1,1,0,0,1
https://www.quora.com/Where-can-I-find-the-Click-Through-Rate-CTR-industry-standards-for-healthcare-search-advertising-as-well-as-other-digital-averages,152,20,2,0,0,0,0,0,1,0,131,1,13,1,1,0,0,0,0,47,0,0,7,0,0,30,4,0,0,1,1,0
http://www.cwa4501.org/ControlPanel,35,0,2,0,0,0,0,0,1,4,13,1,15,1,0,0,0,0,0,0,0,0,0,0,0,0,2,0,0,0,0,1
http://computerbla3.blogspot.com/2010/02/cd-rom.html,52,1,3,0,0,0,0,0,1,7,20,3,25,1,0,0,0,0,3,37,0,0,0,1,0,17,0,1,1,0,0,0
http://20759379-1808-4ca1-8f3a-3923cb555671.htmlcomponentservice.com/get_draft?id=96c871_39d1eee16c26eff7fabe1ba646529cb6.html,126,4,3,0,0,2,0,0,1,47,10,1,61,1,0,0,44,1,0,0,0,0,0,0,0,0,0,0,0,0,0,1
https://www.onecklace.com/fingerprint-jewelry/,46,1,2,0,0,0,0,0,1,0,21,2,17,1,1,0,0,0,1,389,0,2,0,0,0,37,2,0,0,0,1,0
https://www.facebook.com/savers,31,0,2,0,0,0,0,0,1,0,7,1,16,1,1,0,0,0,0,23,0,0,0,0,0,66,4,0,0,0,1,0
https://www.answers.com/Q/Digital_media_salary,46,0,2,0,0,2,0,0,1,0,23,2,15,1,1,0,0,0,0,89,0,0,0,0,0,12,4,1,0,0,0,0
http://useful_english.enacademic.com/76401/latency_stage,56,0,2,0,0,2,0,0,1,5,20,2,29,1,0,0,0,0,0,0,0,0,0,0,0,0,2,0,0,0,0,0
http://www.definitions.net/definition/STANDARD%20ERROR,54,0,2,0,1,0,0,0,1,2,28,2,19,1,0,0,0,0,0,0,0,0,0,0,0,0,4,0,0,0,0,0
https://sriexecutive.com/,25,0,1,0,0,0,0,0,1,0,1,1,16,1,1,0,0,0,1,18,0,0,0,0,0,9,2,1,1,0,1,0
https://accounts.google.com/v3/signin/identifier?continue=https%3A%2F%2Fdrive.google.com%2Ffile%2Fd%2F1_GGqmQXcOYjJZfvgg44cX-sWuaue8EdJ%2Fedit&followup=https%3A%2F%2Fdrive.google.com%2Ffile%2Fd%2F1_GGqmQXcOYjJZfvgg44cX-sWuaue8EdJ%2Fedit&ifkv=AYZoVhfKDIqTkpyC-MKU_qgqWosj4MgLBi_3tj1jF1RRCuFgxHoFU9GV7WgkgHWSBIXgGS7H-XtA&osid=1&passive=1209600&service=wise&flowName=WebLiteSignIn&flowEntry=ServiceLogin&dsh=S1325461425%3A1695789101073678,435,4,6,8,15,4,0,0,1,65,21,3,19,1,1,0,281,9,1,4,0,0,0,1,0,0,0,1,1,0,0,1
https://internetserviceprovidersnyc.weebly.com/,47,0,2,0,0,0,0,0,1,0,1,1,38,1,1,0,0,0,0,4,0,0,0,1,0,10,0,1,0,0,0,0
https://www.wikihow.com/Get-a-Free-Internet-Connection,54,4,2,0,0,0,0,0,1,0,31,1,15,1,1,0,0,0,7,45,0,55,0,0,0,41,6,1,0,0,0,0
https://www.bgcdecatur.com/,27,0,2,0,0,0,0,0,1,0,1,1,18,1,1,0,0,0,0,20,0,1,0,1,0,17,2,1,1,0,0,1
https://www.nvidia.com/en-us/geforce/forums/discover/203663/context-menu-in-kodi-/,82,5,2,0,0,0,0,0,1,6,60,7,14,1,1,0,0,0,0,31,0,120,3,0,0,77,5,1,1,1,0,0
https://www.mathsisfun.com/geometry/symbols.html,48,0,3,0,0,0,0,0,1,0,22,2,18,1,1,0,0,0,0,4,0,2,0,0,0,2,2,1,0,0,0,0
http://02dfbe20-6956-4be6-ba22-36ae0e0d3053.htmlcomponentservice.com/get_draft?id=99ea0e_8eddaa8b0b3b6316a653bbd03eb5b48f.html,126,4,3,0,0,2,0,0,1,39,10,1,61,1,0,0,44,1,0,0,0,0,0,0,0,0,0,0,0,0,0,1
https://raphaelhammoud.wordpress.com/,37,0,2,0,0,0,0,0,1,0,1,1,28,1,1,0,0,0,3,447,0,17,0,0,0,34,0,0,0,0,1,0
https://www.wunderground.com/?cm_ven=cgi,40,0,2,0,0,1,0,0,1,0,1,1,20,1,1,0,3,1,0,44,0,3,0,1,0,71,6,1,0,0,0,0
https://www.truma.com/no/no/home,32,0,2,0,0,0,0,0,1,0,11,3,13,1,1,0,0,0,2,5,0,1,0,1,0,31,4,1,1,0,1,0
"data:,",6,0,0,0,0,0,0,0,0,0,1,0,0,0,0,0,0,0,0,0,0,0,0,0,0,0,13,1,1,0,0,0
https://www.magnetic-shield.com/pdf/magnetic_fields_shields_overview.pdf,72,1,3,0,0,3,0,0,1,0,41,2,23,1,1,0,0,0,1,46,0,3,0,0,0,25,3,1,0,0,1,0
https://plantsmansgardentours.com/Library/o/account_active/?m=dGVzdEB0ZXN0LnBs,78,0,1,0,0,1,0,0,1,2,26,4,25,1,1,0,16,1,3,1,0,1,0,1,0,11,4,1,0,0,0,1
https://www.networksolutions.com/whois/index.jsp,48,0,3,0,0,0,0,0,1,0,16,2,24,1,1,0,0,0,1,1,0,0,0,0,0,4,2,0,0,0,0,0
http://z80-heaven.wikidot.com/,30,1,2,0,0,0,0,0,1,2,1,1,22,1,0,0,0,0,1,30,0,0,0,1,1,10,0,1,0,0,0,0
https://tr.foursquare.com/v/the-hardware-store/4a2ff541f964a520fa981fe3,71,2,2,0,0,0,0,0,1,15,46,3,17,1,1,0,0,0,3,29,0,2,0,1,0,47,0,0,0,0,0,0
http://sims4luxury.blogspot.com/,32,0,2,0,0,0,0,0,1,1,1,1,24,1,0,0,0,0,0,12,0,0,0,1,0,8,0,0,0,0,0,0
http://showmore.a3579.com/cgi-sys/suspendedpage.cgi,51,1,3,0,0,0,0,0,1,4,26,2,18,1,0,0,0,0,0,0,0,0,0,0,0,1,2,1,0,0,0,1
https://www.geldrugzak.nl/,26,0,2,0,0,0,0,0,1,0,1,1,17,1,1,0,0,0,0,83,0,4,0,0,0,19,3,0,0,0,0,0
http://nagari.or.id/admin/crypt/,32,0,2,0,0,0,0,0,1,0,13,3,12,0,0,0,0,0,0,19,0,5,0,0,0,20,2,0,0,0,0,1
https://www.passivehousecanada.com/,35,0,2,0,0,0,0,0,1,0,1,1,26,1,1,0,0,0,4,258,0,22,0,0,0,161,2,1,0,0,0,0
https://adfghgjhdfs.webcindario.com/MCP-CUP/MCP-CUP/Location/index.php?_branch_match_id=1235437043821189077&utm_medium=marketing&_branch_referrer=H4sIAAAAAAAAA8soKSkottLXN08xNSnTSywo0MvJzMvWr3TNqwoyy8jLsgAAX3DStSEAAAA%3D,220,2,3,2,1,6,0,0,1,28,35,4,27,1,1,0,100,3,1,1,0,0,0,1,0,2,0,1,1,0,0,1
https://shadetreetechnology.com/V4/validation/99b5ee93abab802d934d4abaacfbbab6,78,0,1,0,0,0,0,0,1,14,47,3,23,1,1,0,0,0,0,1,0,0,0,1,0,5,2,1,0,0,0,1
https://heartmus.dk/,20,0,1,0,0,0,0,0,1,0,1,1,11,0,1,0,0,0,0,0,0,0,0,0,0,0,2,1,0,0,0,0
http://www.destination360.com/central-america/nicaragua/dining,62,1,2,0,0,0,0,0,1,3,33,3,22,1,0,0,0,0,9,28,0,5,0,0,0,12,5,0,0,0,0,0
https://www.holybooks.com/buddhisms-noble-eightfold-path/,57,3,2,0,0,0,0,0,1,0,32,2,17,1,1,0,0,0,9,66,0,0,0,0,0,56,5,1,0,0,0,0
https://woodplc-com-dot-gl494903049.wl.r.appspot.com/,53,3,4,0,0,0,0,0,1,9,1,1,44,1,1,0,0,0,0,0,0,0,0,0,0,0,0,0,0,0,0,1
https://javascript.info/date,28,0,1,0,0,0,0,0,1,0,5,1,15,0,1,0,0,0,0,61,0,62,0,1,0,7,2,1,0,0,0,0
http://https.www.paypal.com.ttlart2012ttcysu.aylandirow.tmf.org.ru/signin/client-log,84,1,8,0,0,0,0,0,1,4,18,2,59,0,0,0,0,0,0,0,0,0,0,0,0,0,0,0,0,0,0,1
https://rastreomoderno.com/wp-content/plugins/akismet/br/,57,1,1,0,0,0,0,0,1,0,31,5,18,1,1,0,0,0,0,0,0,0,0,0,0,0,2,1,0,0,0,1
https://login.microsoftonline.com/9024fef9-acd7-4a9a-98d1-b7225b67cf24/oauth2/authorize?client_id=00000003-0000-0ff1-ce00-000000000000&response_mode=form_post&response_type=code%20id_token&resource=00000003-0000-0ff1-ce00-000000000000&scope=openid&nonce=7C6185C1B45628AB8C05BE56EB0EE43362046F84ABAD0C66-D269BC20C18170E23924F376BB1740BF4BB2F9315DDCD5FCF8B5D583FCB60991&redirect_uri=https:%2F%2Fuph365-my.sharepoint.com%2F_forms%2Fdefault.aspx&wsucxt=1&cobrandid=11bd8083-87e0-41b5-bb78-0bc43c8a8e8a&client-request-id=4d64829e-50c2-6000-fc99-e5cb105d0027,552,24,5,9,5,7,0,0,1,198,54,3,25,1,1,0,338,10,0,0,0,0,0,0,0,10,0,0,0,0,1,0
https://www.wired.com/2014/01/its-time-to-take-mesh-networks-seriously-and-not-just-for-the-reasons-you-think/,110,14,2,0,0,0,0,0,1,6,89,4,13,1,1,0,0,0,22,103,0,0,3,0,0,86,4,0,0,1,0,0
https://www.mahoraisedeseaux.com/,33,0,2,0,0,0,0,0,1,0,1,1,24,1,1,0,0,0,0,7,0,7,0,1,0,0,3,1,0,0,0,0
"data:,",6,0,0,0,0,0,0,0,0,0,1,0,0,0,0,0,0,0,0,0,0,0,0,0,0,0,13,1,1,0,0,0
https://www.svd.se/,19,0,2,0,0,0,0,0,1,0,1,1,10,0,1,0,0,0,2,99,0,0,0,0,0,69,4,0,0,0,1,0
https://ooakforum.com/ucp.php?i=164,35,0,2,0,0,0,0,0,1,3,8,1,13,1,1,0,3,1,0,2,0,0,0,0,0,5,2,1,0,0,0,0
https://www.diyncrafts.com/14725/organization/30-wonderful-ways-to-organize-your-life-with-command-hooks,104,9,2,0,0,0,0,0,1,7,78,3,18,1,1,0,0,0,4,207,0,3,0,0,0,50,4,1,0,0,1,0
http://pjcm.net/1122//?sec=Christiane%20Tonke,45,0,1,0,1,0,0,0,2,6,7,3,8,1,0,0,16,1,0,0,0,0,0,0,0,0,4,0,0,0,0,1
http://371restbet.com/,22,0,1,0,0,0,0,0,1,3,1,1,14,1,0,0,0,0,0,0,0,0,0,0,0,0,0,1,1,0,0,1
https://www.mokapos.com/,24,0,2,0,0,0,0,0,1,0,1,1,15,1,1,0,0,0,3,50,0,0,0,0,0,20,2,0,0,0,0,0
http://espace-client.net/canalsat-resiliation/,46,2,1,0,0,0,0,0,1,0,22,2,17,1,0,0,0,0,4,30,0,0,0,0,1,36,2,1,0,0,0,1
https://www.atspace.com/error-403/,34,1,2,0,0,0,0,0,1,3,11,2,15,1,1,0,0,0,0,0,0,0,0,0,0,12,4,1,1,0,0,1
http://u10084924.ct.sendgrid.net/ls/click?upn=SUr4b5585qbQyA5LBh0cprcX9yGxzuKRiPmK1eOyGjnFAjPT3peF3hZBU5GBT5LB-2F-2B8RQoVKizdN6jZII2WoXKREC-2F59ArXVRryxHjm0Vl4-3D2Nk5_adLR-2Bo5mfbjm7FG5I6PoQ1GVR6lgb9L5-2FnJ-2FDbcFMgYPbFVI6bxW0n-2BJlNZ-2FkSxprRH5HVbfGLu4f-2FOYZZcGyRV5V7XlMPiv3bPHgGjTFcQq69gZ82b-2Bu3aKRz2G4rbkTGBsATWHN-2B3T7ix5-2BOYOxqRVLPPnOm6Tvj7Y40BwgAW-2BV0wy5oLTvYyX0T6hcQz4S7FvFwReqce-2FiyfG4WApIQ-3D-3D,409,17,3,0,0,1,0,0,1,83,9,2,25,1,0,0,363,1,0,0,0,0,0,0,0,0,0,0,0,0,0,1
http://jmockit.github.io/,25,0,2,0,0,0,0,0,1,0,1,1,17,1,0,0,0,0,0,3,0,0,0,1,0,0,0,1,0,0,0,0
https://www.acer.com/sg-en/support/legacy-products,50,2,2,0,0,0,0,0,1,0,30,3,12,1,1,0,0,0,3,32,0,7,0,1,0,33,4,1,1,0,0,0
https://research.wu.ac.at/en/publications/a-text-mining-framework-in-r-and-its-applications-3,93,9,3,0,0,0,0,0,1,1,68,3,17,0,1,0,0,0,0,8,0,1,0,1,0,9,0,1,1,0,0,0
https://www.cephastanesi.org/,29,0,2,0,0,0,0,0,1,0,1,1,20,1,1,0,0,0,1,114,0,4,0,0,0,20,2,0,0,0,0,0
http://vki.vipcentr.ru/,23,0,2,0,0,0,0,0,1,0,1,1,15,0,0,0,0,0,0,16,0,0,0,1,0,2,0,1,0,0,0,1
https://sourceforge.net/software/speed-test/,44,1,1,0,0,0,0,0,1,0,21,3,15,1,1,0,0,0,2,15,0,5,0,0,0,30,6,1,0,0,1,0
https://www.nhs.uk/conditions/memory-loss-amnesia/,50,2,2,0,0,0,0,0,1,0,32,3,10,0,1,0,0,0,0,1,0,0,0,0,0,10,4,1,0,0,0,0
https://www.savetheboundarywaters.org/,38,0,2,0,0,0,0,0,1,0,1,1,29,1,1,0,0,0,2,23,0,0,0,0,0,17,2,0,0,0,0,0
https://life4news.ru/,21,0,1,0,0,0,0,0,1,1,1,1,12,0,1,0,0,0,0,0,0,0,0,0,0,0,4,1,1,0,0,0
https://www.habfurdo.com/wp-content/plugins/bbpress/home/signin/Security/myaccount/signin/,90,1,2,0,0,0,0,0,1,0,66,9,16,1,1,0,0,0,0,28,0,0,0,0,0,23,2,1,0,0,0,1
https://www.techtarget.com/searchstorage/definition/file-system,63,1,2,0,0,0,0,0,1,0,37,3,18,1,1,0,0,0,5,109,0,16,0,0,0,22,6,1,1,0,0,0
http://tekyteach.blogspot.com/,30,0,2,0,0,0,0,0,1,0,1,1,22,1,0,0,0,0,3,223,0,0,0,0,0,32,0,1,0,0,0,0
https://www.tignes-spirit.com/,30,1,2,0,0,0,0,0,1,0,1,1,21,1,1,0,0,0,5,5,0,4,0,1,0,4,4,0,0,0,0,0
https://www.macworld.com/article/209817/hdmi-switches.html,58,1,3,0,0,0,0,0,1,6,34,3,16,1,1,0,0,0,3,84,0,4,0,0,0,55,4,1,0,0,0,0
https://lokandkingsupportiveme.blogspot.com/,44,0,2,0,0,0,0,0,1,0,1,1,35,1,1,0,0,0,0,0,0,0,0,0,0,3,0,0,0,0,0,1
https://www.hugedomains.com/domain_profile.cfm?d=frontieroption.com,67,0,4,0,0,1,0,0,1,0,19,1,19,1,1,0,18,1,2,53,0,5,0,1,0,22,2,1,1,0,0,1
https://www.ebi.ac.uk/GOA/InterPro2GO,37,0,3,0,0,0,0,0,1,1,16,2,13,0,1,0,0,0,0,68,0,6,0,0,0,20,4,1,0,0,1,0
https://app66560000.blogspot.com/,33,0,2,0,0,0,0,0,1,8,1,1,24,1,1,0,0,0,0,12,0,0,0,1,0,8,0,0,0,0,0,1
https://customerservicesupport.my-free.website/,47,1,2,0,0,0,0,0,1,0,1,1,38,0,1,0,0,0,0,0,0,0,0,0,0,0,0,0,0,0,0,1
https://www.agricolors.fr/,26,0,2,0,0,0,0,0,1,0,1,1,17,1,1,0,0,0,1,1,0,0,0,1,0,1,2,0,0,0,0,0
http://sv.mikecrm.com/mUjGDh3,29,0,2,0,0,0,0,0,1,1,8,1,14,1,0,0,0,0,0,1,0,0,0,1,0,18,0,0,0,0,1,1
https://www.elitewriterslab.com/,32,0,2,0,0,0,0,0,1,0,1,1,23,1,1,0,0,0,0,0,0,0,0,0,0,0,2,0,0,0,0,0
http://zeendo.com/info/top-10-software-as-a-service-saas-companies/,67,7,1,0,0,0,0,0,1,2,50,3,10,1,0,0,0,0,0,4,0,0,0,0,0,20,2,0,0,0,0,0
https://www.azurepower.com/,27,0,2,0,0,0,0,0,1,0,1,1,18,1,1,0,0,0,3,18,0,0,0,0,0,13,2,0,0,0,0,0
http://www.printyourparty.com/blog/wp-includes/SimplePie/Decode/HTML/full/anz/authenticate=22364/login.php,106,1,3,0,0,0,0,0,1,5,77,9,22,1,0,0,0,0,0,0,0,0,0,0,0,0,2,0,0,0,0,1
https://www.transformation-center.org/home/resources-2-2/job-opportunities/,75,4,2,0,0,0,0,0,1,2,38,4,29,1,1,0,0,0,0,70,0,0,0,0,0,23,2,1,1,0,0,0
https://patriothost.net/wp-includes/sodium_compat/namespaced/Core/tables/?Ct83VE45PxD=5K97LTNab&amp;4TCMDFE6cx=L7QxzR65Aj&amp;govn=Z2lic29uc2FAdm9kYW1haWwuY28uemE=,163,1,1,2,0,1,0,0,1,20,50,6,15,1,1,0,51,3,0,0,0,0,0,0,0,1,0,0,0,0,0,1
http://redeabreu.com.br/wp-includes/painel-de-controle-clientes/home/painelprincipal/,85,4,2,0,0,0,0,0,1,0,62,5,16,0,0,0,0,0,0,0,0,0,0,0,0,0,3,0,0,0,0,1
https://www.law.cornell.edu/wex/incorporation_doctrine,54,0,3,0,0,1,0,0,1,0,27,2,19,1,1,0,0,0,7,47,0,3,0,0,0,23,0,0,0,0,0,0
https://www.bauteile-shop.eu/,29,1,2,0,0,0,0,0,1,0,1,1,20,0,1,0,0,0,1,16,0,4,0,1,0,3,4,0,0,0,0,0
https://moz.com/beginners-guide-to-seo,38,3,1,0,0,0,0,0,1,0,23,1,7,1,1,0,0,0,4,79,0,4,0,0,0,76,2,0,0,0,0,0
https://www.evolo.us/,21,0,2,0,0,0,0,0,1,0,1,1,12,1,1,0,0,0,0,136,0,0,0,0,0,152,2,1,0,0,0,0
https://eu.rosettastone.com/,28,0,2,0,0,0,0,0,1,0,1,1,19,1,1,0,0,0,0,60,0,0,0,0,0,2,0,1,1,0,0,0
https://livenmitac-my.sharepoint.com/personal/czarina-cabalza_live_nmit_ac_nz/_layouts/15/guestaccess.aspx?guestaccesstoken=BCxwl3A7TTskGW2POLH3Cucg2dFe77pBj2gKmiXkIZs%3D&docid=1_1b87bddf46e1144efadb39c587acdadae&wdFormId={5B4E96CF-1BCD-468F-A845-09B4D8027BC2},260,6,3,2,1,6,0,0,1,45,70,5,28,1,1,0,117,3,0,0,0,1,0,0,0,5,0,1,1,0,0,1
https://proteinstructures.com/structure/fold-classification/,60,1,1,0,0,0,0,0,1,0,31,3,21,1,1,0,0,0,1,8,0,4,0,1,0,7,2,1,1,0,0,0
http://www.shadetreetechnology.com/V4/validation/ef27f396982a200c0e512f941f4653c2,81,0,2,0,0,0,0,0,1,24,47,3,27,1,0,0,0,0,0,1,0,0,0,1,0,5,2,0,0,0,0,1
https://www.vakantieverhuur.be/fonts/fonts/chaseind.php?cmd=login_submit&amp;id=ee4218840dfd24afb0a7f7049764dfeaee4218840dfd24afb0a7f7049764dfea&amp;session=ee4218840dfd24afb0a7f7049764dfeaee4218840dfd24afb0a7f7049764dfea,221,0,3,2,0,1,0,0,1,72,25,3,22,1,1,0,140,3,0,0,0,0,0,0,0,1,3,1,1,0,0,1
https://drive.google.com/file/d/1a1E7ncAdrG9Z5fNEbtaeF8o2qmtJVSZd/view,70,0,2,0,0,0,0,0,1,7,46,4,16,1,1,0,0,0,1,1,0,0,0,1,0,11,0,1,0,0,1,1
https://www.nextgeneration.ie/,30,0,2,0,0,0,0,0,1,0,1,1,21,0,1,0,0,0,2,15,0,3,0,0,0,36,2,0,0,0,0,0
https://www.reducmiz.com/,25,0,2,0,0,0,0,0,1,0,1,1,16,1,1,0,0,0,2,4,0,4,0,1,0,27,2,0,0,0,0,0
http://www.formbuddy.com/cgi-bin/formdisp.pl?u=adminnet&f=mailcenter,68,1,3,1,0,0,0,0,1,0,20,2,17,1,0,0,18,2,0,0,0,0,0,0,1,0,2,0,0,0,0,1
http://mail.verzekeringskantoorhanssmit.nl/~u43730p39181/pki-validation,71,1,2,0,0,0,0,0,1,10,29,2,35,1,0,0,0,0,0,0,0,0,0,0,0,0,0,0,0,0,0,1
https://twitter.com/vh1,23,0,1,0,0,0,0,0,1,1,4,1,11,1,1,0,0,0,0,6,0,0,0,0,0,0,8,0,0,0,0,0
https://www.littlee.com.au/alibaba/images/,42,0,3,0,0,0,0,0,1,0,16,3,18,0,1,0,0,0,0,8,0,0,0,1,0,17,2,1,1,0,1,1
https://www.openhardware.io/,28,0,2,0,0,0,0,0,1,0,1,1,19,1,1,0,0,0,8,8,0,5,0,1,0,11,2,0,0,0,0,0
https://rift-inexpensive-ricotta.glitch.me/,43,2,2,0,0,0,0,0,1,0,1,1,34,0,1,0,0,0,0,2,0,0,0,1,0,1,0,0,0,0,0,1
https://kodi.tv/addons/context-menus,36,1,1,0,0,0,0,0,1,0,21,2,7,0,1,0,0,0,0,21,0,0,0,1,0,3,2,0,0,0,0,0
https://lender.sandbox.natwest.poweredbydivido.com/,51,0,4,0,0,0,0,0,1,0,1,1,42,1,1,0,0,0,0,0,0,0,0,0,0,0,0,1,0,0,0,1
http://habbocreditosparati.blogspot.com/,40,0,2,0,0,0,0,0,1,0,1,1,32,1,0,0,0,0,1,13,0,0,0,1,0,19,0,1,1,0,0,1
https://www.allproducts.com/ee/honber/fingerprint-safe.html,59,1,3,0,0,0,0,0,1,0,32,3,19,1,1,0,0,0,1,17,0,2,0,0,0,8,2,1,0,0,0,0
https://airestech.com/blogs/emf-101/tagged/electromagnetic-radiation-shielding,78,3,1,0,0,0,0,0,1,3,57,4,13,1,1,0,0,0,8,8,0,1,0,0,0,137,2,1,1,0,0,0
https://kdwow.com/,18,0,1,0,0,0,0,0,1,0,1,1,9,1,1,0,0,0,0,11,0,1,3,1,0,36,2,0,0,1,0,0
http://www.mybankicbc.com//client_index.php,43,0,3,0,0,1,0,0,2,0,18,2,18,1,0,0,0,0,0,0,0,0,0,0,0,3,4,1,1,0,0,1
https://secure.counterpath.com/Store/Att/Login.aspx,51,0,3,0,0,0,0,0,1,0,21,3,22,1,1,0,0,0,0,0,0,0,0,0,0,0,0,0,0,0,0,1
http://www.franbaise.com/,25,0,2,0,0,0,0,0,1,0,1,1,17,1,0,0,0,0,0,371,0,18,0,0,1,10,3,0,0,0,0,0
https://jayscottonair.tumblr.com/#_=_,37,0,2,0,0,2,0,1,1,0,1,1,24,1,1,0,0,0,0,7,0,0,0,1,0,9,0,0,0,0,1,0
https://www.azquotes.com/quotes/topics/passivity.html,53,0,3,0,0,0,0,0,1,0,29,3,16,1,1,0,0,0,3,10,0,23,0,1,0,12,2,1,0,0,0,0
https://www.printeron.com/,26,0,2,0,0,0,0,0,1,0,1,1,17,1,1,0,0,0,4,53,0,0,0,1,0,84,4,0,0,0,1,0
https://www.ammograb.com/,25,0,2,0,0,0,0,0,1,0,1,1,16,1,1,0,0,0,0,0,0,0,0,0,0,0,2,0,0,0,0,0
http://webehigh.org/nice-france/,32,1,1,0,0,0,0,0,1,0,13,2,12,1,0,0,0,0,1,9,0,1,0,0,1,21,2,0,0,0,0,0
https://sode-mape.web.app/,26,1,2,0,0,0,0,0,1,0,1,1,17,0,1,0,0,0,0,2,0,0,0,1,0,1,0,0,0,0,0,1
https://shadetreetechnology.com/V4/validation/bbf68373797343e6c8d357b9c6a4823e,78,0,1,0,0,0,0,0,1,23,47,3,23,1,1,0,0,0,0,1,0,0,0,1,0,5,2,1,0,0,0,1
http://outlook-office365-signin.el.r.appspot.com/wp-content,59,3,4,0,0,0,0,0,1,3,11,1,41,1,0,0,0,0,0,0,0,0,0,0,0,0,0,0,0,0,0,1
http://deplint013.nl/en/webapps/issues/,39,0,1,0,0,0,0,0,1,3,19,4,13,1,0,0,0,0,1,20,0,0,0,1,0,5,3,0,0,0,1,1
http://215betasus.com/,22,0,1,0,0,0,0,0,1,3,1,1,14,1,0,0,0,0,0,0,0,0,0,0,0,0,0,1,1,0,0,1
http://215betasus.com/,22,0,1,0,0,0,0,0,1,3,1,1,14,1,0,0,0,0,0,0,0,0,0,0,0,0,0,1,1,0,0,1
https://www.online-tech-tips.com/computer-tips/troubleshoot-keyboard-and-mouse-not-working-in-windows/,102,10,2,0,0,0,0,0,1,0,70,3,24,1,1,0,0,0,1,297,0,3,0,0,0,62,4,1,0,0,0,0
https://www.whitsundayrc.qld.gov.au/,36,0,4,0,0,0,0,0,1,0,1,1,27,0,1,0,0,0,2,70,0,6,0,0,0,18,2,1,1,0,0,0
https://civic-depth-281113.oa.r.appspot.com/,44,2,4,0,0,0,0,0,1,6,1,1,35,1,1,0,0,0,0,0,0,0,0,0,0,0,0,0,0,0,0,1
https://diabloiptvreseller.com/payment/,39,0,1,0,0,0,0,0,1,0,9,2,22,1,1,0,0,0,0,3,0,0,0,1,0,0,2,0,0,0,0,1
https://mastersndogs.ca/pyt/Gdoccc,34,0,1,0,0,0,0,0,1,0,11,2,15,1,1,0,0,0,1,4,0,2,0,1,0,22,2,1,0,0,0,1
https://en.wikipedia.org/wiki/Amnesia,37,0,2,0,0,0,0,0,1,0,13,2,16,1,1,0,0,0,0,255,0,2,0,1,0,7,0,0,0,0,0,0
https://nab.support.fortscratchley.org.au/,42,0,4,0,0,0,0,0,1,0,1,1,33,0,1,0,0,0,0,0,0,0,0,0,0,0,0,0,0,0,0,1
https://www.audioenglish.org/z/latency.htm,42,0,3,0,0,0,0,0,1,0,14,2,20,1,1,0,0,0,5,28,0,4,0,0,0,3,2,1,0,0,0,0
http://toanhoc247.edu.vn/backend/web/js/player/skins/contacted-servier-compte-infomation.php,92,3,3,0,0,0,0,0,1,3,68,6,17,0,0,0,0,0,0,0,0,0,0,0,0,0,2,0,0,0,0,1
https://elexbet166.com/,23,0,1,0,0,0,0,0,1,3,1,1,14,1,1,0,0,0,0,0,0,0,0,0,0,0,0,1,1,0,0,1
http://www.grup-whatsapp-invite.zzux.com/,41,2,3,0,0,0,0,0,1,0,1,1,33,1,0,0,0,0,0,0,0,0,0,0,0,0,2,0,0,0,0,1
http://www.fontna.com/,22,0,2,0,0,0,0,0,1,0,1,1,14,1,0,0,0,0,3,24,0,0,0,0,1,22,5,0,0,0,0,0
https://paypal-sicherheit.net/de/signin/assoc_handle=cVfGny5Q2gD9AUSJCjOLNtW6KlBPFwopenid_claim=j6WlMtXIQszLBxYnRq4uidentifier_select=G5potTaHmerLqxkY78yJpape_max=Nr7Yd0v1XAzZMuEQLDjms2tnBVwGle/?sec=Thomas%20Hamann&token=null,225,1,1,1,1,4,0,0,1,15,165,4,21,1,1,0,17,2,0,0,0,0,0,0,0,0,0,1,1,0,0,1
https://armorgames.com/category/adventure-games,47,1,1,0,0,0,0,0,1,0,25,2,14,1,1,0,0,0,1,14,0,1,0,1,0,12,2,1,0,0,0,0
https://www.tiendeo.us/Stores/colorado-springs-co/save-a-lot,60,4,2,0,0,0,0,0,1,0,38,3,14,1,1,0,0,0,4,23,0,0,0,0,0,36,4,1,0,0,1,0
https://entrustedauctions.com/,30,0,1,0,0,0,0,0,1,0,1,1,21,1,1,0,0,0,3,52,0,12,0,0,0,74,2,1,1,0,0,0
http://desdeelamor.com/wp-includes/SimplePie/Parse/hd/demx/index.php,68,1,2,0,0,0,0,0,1,0,46,6,15,1,0,0,0,0,0,0,0,0,0,0,0,0,2,0,0,0,0,1
http://www.professorgizzi.org/scanning/52541421321/,51,0,2,0,0,0,0,0,1,11,22,3,22,1,0,0,0,0,3,139,0,2,0,0,0,71,4,0,0,0,0,1
https://www.mymajors.com/career/computer-network-architects/salary/,67,2,2,0,0,0,0,0,1,0,43,4,16,1,1,0,0,0,3,6,0,1,0,0,0,10,2,0,0,0,0,0
https://lunapark.com.au/,24,0,2,0,0,0,0,0,1,0,1,1,15,0,1,0,0,0,6,78,0,5,0,0,0,56,2,0,0,0,0,0
http://web-whatsappjoin.itsaol.com/,35,1,2,0,0,0,0,0,1,0,1,1,27,1,0,0,0,0,0,0,0,0,0,0,0,0,2,1,0,0,0,1
https://088betcup.com/,22,0,1,0,0,0,0,0,1,3,1,1,13,1,1,0,0,0,0,0,0,0,0,0,0,0,0,1,1,0,0,1
https://www.makeuseof.com/tag/the-5-best-windows-explorer-replacements/,71,5,2,0,0,0,0,0,1,1,46,3,17,1,1,0,0,0,1,24,0,0,0,1,0,19,6,1,0,0,0,0
https://prudish-hit.000webhostapp.com/spect/spect/Zo/5th15be1thn65ed41tnh65e4d1gt6541nhed65t4g1nhj6e5d4g16/log/sycho/index.html,127,1,3,0,0,0,0,0,1,28,90,7,29,1,1,0,0,0,0,4,0,0,0,1,0,6,2,1,1,0,1,1
https://www.conti.waw.pl/,25,0,3,0,0,0,0,0,1,0,1,1,16,0,1,0,0,0,0,1,0,1,0,0,0,9,2,1,0,0,0,0
https://gist.github.com/lunatilia/ff0d888dc65479fb9905,54,0,2,0,0,0,0,0,1,13,31,2,15,1,1,0,0,0,0,18,0,3,0,1,0,58,8,0,0,0,1,0
https://www.tdameritrade.com/education/account-types-and-investment-products/bonds-and-cds.html,95,6,3,0,0,0,0,0,1,0,67,3,20,1,1,0,0,0,10,255,0,62,0,0,0,86,6,1,0,0,0,0
https://779zt.csb.app/,22,0,2,0,0,0,0,0,1,3,1,1,13,0,1,0,0,0,0,0,0,0,0,0,0,12,0,0,0,0,0,1
https://slovar-vocab.com/english/merriam-websters-vocab/provenance-7676042.html,79,4,2,0,0,0,0,0,1,7,55,3,16,1,1,0,0,0,10,4,0,0,0,0,0,24,5,1,1,0,0,0
http://willchurchill.com/wp-includes/js/user/china/?login=remipecasautomotivas@hotmial.com,90,1,2,0,0,0,1,0,1,0,27,5,17,1,0,0,32,1,0,18,0,25,0,0,0,39,4,1,1,0,0,1
https://en-academic.com/dic.nsf/enwiki/1962402,46,1,2,0,0,0,0,0,1,7,23,3,15,1,1,0,0,0,0,7,0,2,0,0,0,23,5,1,1,0,0,0
https://en.wikipedia.org/wiki/Son_of_the_Mask,45,0,2,0,0,3,0,0,1,0,21,2,16,1,1,0,0,0,0,111,0,1,0,1,0,9,0,0,0,0,0,0
https://fluteguards.nn.r.appspot.com/off365.html,48,0,5,0,0,0,0,0,1,3,12,1,28,1,1,0,0,0,0,0,0,0,0,0,0,0,0,0,0,0,0,1
https://www.symbolab.com/solver/function-domain-calculator,58,2,2,0,0,0,0,0,1,0,34,2,16,1,1,0,0,0,5,19,0,1,0,1,0,27,2,0,0,0,0,0
https://20200803092647-dot-sgn-hi0-wrk.appspot.com/,51,4,2,0,0,0,0,0,1,15,1,1,42,1,1,0,0,0,0,0,0,0,0,0,0,0,0,0,0,0,0,1
https://www.shwapno.com/,24,0,2,0,0,0,0,0,1,0,1,1,15,1,1,0,0,0,0,1,0,0,0,1,0,1,4,1,0,0,0,0
https://www.iris1914.it/,24,0,2,0,0,0,0,0,1,4,1,1,15,1,1,0,0,0,0,67,0,6,0,0,0,75,2,1,0,0,0,0
https://www.techtarget.com/whatis/definition/bit-binary-digit,61,2,2,0,0,0,0,0,1,0,35,3,18,1,1,0,0,0,8,198,0,14,0,0,0,36,6,1,1,0,0,0
https://app.box.com/s/j8gsre3th0qmr8isotsdf9p6nar2m5dh,54,0,2,0,0,0,0,0,1,8,35,2,11,1,1,0,0,0,0,0,0,0,0,0,0,27,0,0,0,0,1,1
https://teksty-pesenok.ru/tracey-curtis/tekst-pesni-the-john-peel-song/1606493/,79,7,1,0,0,0,0,0,1,7,54,4,17,0,1,0,0,0,0,0,0,0,0,0,0,0,5,1,0,0,0,0
https://sapient-flare-279107.df.r.appspot.com/,46,2,4,0,0,0,0,0,1,6,1,1,37,1,1,0,0,0,0,0,0,0,0,0,0,0,0,0,0,0,0,1
https://izzylogz.nn.r.appspot.com/home.html,43,0,5,0,0,0,0,0,1,0,10,1,25,1,1,0,0,0,0,0,0,0,0,0,0,0,0,0,0,0,0,1
https://elitetraveler.com/,26,0,1,0,0,0,0,0,1,0,1,1,17,1,1,0,0,0,6,347,0,14,0,0,0,84,4,1,1,0,0,0
"data:,",6,0,0,0,0,0,0,0,0,0,1,0,0,0,0,0,0,0,0,0,0,0,0,0,0,0,13,1,1,0,0,0
https://ulozto.sk/,18,0,1,0,0,0,0,0,1,0,1,1,9,0,1,0,0,0,3,31,0,12,0,1,0,18,2,0,0,0,0,0
https://www.bloggo.nu/,22,0,2,0,0,0,0,0,1,0,1,1,13,0,1,0,0,0,0,29,0,1,0,0,0,1,3,0,0,0,0,0
https://www.sanmarinohs.org/,28,0,2,0,0,0,0,0,1,0,1,1,19,1,1,0,0,0,1,1,0,0,0,1,0,1,2,0,0,0,0,0
http://tamanastar.blogfa.com/,29,0,2,0,0,0,0,0,1,0,1,1,21,1,0,0,0,0,0,50,0,0,0,1,0,3,0,1,0,0,0,0
https://www.m8service.ru/include/spaw2/uploads/files/NNMRN.phtml,64,0,3,0,0,0,0,0,1,2,40,5,16,0,1,0,0,0,0,0,0,0,0,0,0,0,2,0,0,0,0,1
https://www.philosophybasics.com/philosophers_voltaire.html,59,0,3,0,0,1,0,0,1,0,27,1,24,1,1,0,0,0,0,16,0,0,0,0,0,20,2,1,0,0,0,0
https://roken.nl/,17,0,1,0,0,0,0,0,1,0,1,1,8,1,1,0,0,0,1,206,0,0,0,0,0,96,2,0,0,0,0,0
https://www.ds-group.de/,24,1,2,0,0,0,0,0,1,0,1,1,15,1,1,0,0,0,0,59,0,0,0,0,0,29,2,1,1,0,0,0
https://reaco.com.mx/,21,0,2,0,0,0,0,0,1,0,1,1,12,0,1,0,0,0,0,7,0,5,0,0,0,23,4,1,0,0,0,0
http://mymwebza.usite.pro/Email-LoginMywebhtml.htm,50,1,3,0,0,0,0,0,1,0,25,1,18,1,0,0,0,0,0,12,0,0,0,1,0,2,0,0,0,0,0,1
https://microsoft-secure-online.oa.r.appspot.com/logi.html,58,2,5,0,0,0,0,0,1,0,10,1,40,1,1,0,0,0,0,0,0,0,0,0,0,0,0,0,0,0,0,1
https://dpqlhwdclpvxddsghcaztkqbtalxnwgrswpp-dot-gl494903049.wl.r.appspot.com/,78,2,4,0,0,0,0,0,1,9,1,1,69,1,1,0,0,0,0,0,0,0,0,0,0,0,0,0,0,0,0,1
https://www.hongkiat.com/blog/android-download-managers/,56,2,2,0,0,0,0,0,1,0,32,3,16,1,1,0,0,0,4,58,0,0,0,0,0,36,3,1,0,0,0,0
https://www.mhpcolorado.org/,28,0,2,0,0,0,0,0,1,0,1,1,19,1,1,0,0,0,1,64,0,0,0,0,0,127,2,0,0,0,0,0
http://realizables.es/,22,0,1,0,0,0,0,0,1,0,1,1,14,0,0,0,0,0,0,5,0,10,0,1,0,2,2,1,0,0,0,0
https://sentence.yourdictionary.com/segmented,45,0,2,0,0,0,0,0,1,0,10,1,27,1,1,0,0,0,3,91,0,1,0,1,0,26,0,1,0,0,0,0
http://znrdm73sh.fastestcdn.net/,32,0,2,0,0,0,0,0,1,2,1,1,24,1,0,0,0,0,0,0,0,0,0,0,0,0,0,0,0,0,0,1
https://updatemail.my-free.website/,35,1,2,0,0,0,0,0,1,0,1,1,26,0,1,0,0,0,0,0,0,0,0,0,0,0,0,1,0,0,0,1
http://ijikc.co.in/sites/ijikc20/rating/ken7xx7y0p9/wemail_al.html,66,0,3,0,0,1,0,0,1,6,48,5,11,0,0,0,0,0,1,1,0,0,0,1,0,2,2,0,0,0,0,1
http://latinasonline09.webcindario.com/app/facebook.com/?lang=de&key=t,70,0,3,1,0,0,0,0,1,2,18,3,31,1,0,0,3,2,1,1,0,0,0,1,0,2,0,0,0,0,0,1
https://go.swipez.in/2w2t/,26,0,2,0,0,0,0,0,1,2,6,2,12,0,1,0,0,0,0,0,0,0,0,0,0,0,0,1,0,0,0,1
https://app.box.com/s/ymr0ltw3hmn8icxebz16gjhcyhqa49w4,54,0,2,0,0,0,0,0,1,8,35,2,11,1,1,0,0,0,0,0,0,0,0,0,0,29,0,0,0,0,1,1
https://www.omgchrome.com/access-samba-chromebook-file-manager/,63,4,2,0,0,0,0,0,1,0,38,2,17,1,1,0,0,0,12,48,0,5,0,0,0,50,5,1,0,0,1,0
https://shadetreetechnology.com/V4/validation/c7578a7b6e0567d782b0df995a951de3,78,0,1,0,0,0,0,0,1,22,47,3,23,1,1,0,0,0,0,1,0,0,0,1,0,5,2,1,0,0,0,1
https://www.apronus.com/music/flashpiano.htm,44,0,3,0,0,0,0,0,1,0,21,2,15,1,1,0,0,0,0,22,0,0,0,0,0,11,4,1,0,0,0,0
https://www.halsteadbead.com/,29,0,2,0,0,0,0,0,1,0,1,1,20,1,1,0,0,0,2,13,0,2,0,0,0,18,2,0,0,0,0,0
https://www.ilovefreesoftware.com/19/windows-10/best-ftp-client-software-for-windows-10.html,92,7,3,0,0,0,0,0,1,6,59,3,25,1,1,0,0,0,5,112,0,14,0,0,0,100,4,1,0,0,0,0
https://teploteka.com.ua/,25,0,2,0,0,0,0,0,1,0,1,1,16,0,1,0,0,0,1,3,0,0,0,1,0,13,3,0,0,0,0,0
http://www.larapedia.com/definition_and_meaning_of/portable_document_format_definition_and_meaning.html,103,0,3,0,0,8,0,0,1,0,79,2,17,1,0,0,0,0,10,0,0,0,0,0,1,13,4,0,0,0,0,0
https://geenstraling.nl/,24,0,1,0,0,0,0,0,1,0,1,1,15,1,1,0,0,0,0,17,0,0,0,0,0,5,2,0,0,0,0,0
