url,url_length,num_dash,num_dot,num_ampersand,num_percent,num_numeric,is_https,has_ip_address,query_length,num_query,hostname_length,num_iframe,num_external_url,num_external_resources,num_null_self_redirect_hyperlink,status
http://www.crestonwood.com/router.php,37,0,3,0,0,0,0,0,0,0,19,0,0,0,0,0
http://shadetreetechnology.com/V4/validation/a111aedc8ae390eabcfa130e041a10a4,77,0,1,0,0,17,0,0,0,0,23,0,1,0,0,1
http://rgipt.ac.in,18,0,2,0,0,0,0,0,0,0,11,0,12,0,13,0
http://www.shadetreetechnology.com/V4/validation/ba4b8bddd7958ecb8772c836c2969531,81,0,2,0,0,21,0,0,0,0,27,0,1,0,0,1
http://vamoaestudiarmedicina.blogspot.com/,42,0,2,0,0,0,0,0,0,0,34,0,112,0,0,0
https://www.astrologyonline.eu/Astro_MemoNew/Profilo.asp,56,0,3,0,0,0,0,0,0,0,22,0,10,0,0,0
https://www.lifewire.com/tcp-port-21-818146,43,3,2,0,0,8,0,0,0,0,16,2,169,0,4,0
https://www.missfiga.com/,25,0,2,0,0,0,0,0,0,0,16,0,0,0,0,0
https://www.chiefarchitect.com/,31,0,2,0,0,0,0,0,0,0,22,1,18,0,1,0
http://www.ktplasmachinery.com/cs/,34,0,2,0,0,0,0,0,0,0,23,0,0,0,0,1
http://www.game.co.uk/en/games/nintendo-switch/nintendo-switch/,63,2,3,0,0,0,0,0,0,0,14,2,356,0,4,0
https://blog.hubspot.com/marketing/email-open-click-rate-benchmark,66,4,2,0,0,0,0,0,0,0,16,0,145,0,12,0
https://polarklimatsgserver.blogspot.com/,41,0,2,0,0,0,0,0,0,0,32,0,5,0,15,1
https://www.provenancevineyards.com/,36,0,2,0,0,0,0,0,0,0,27,0,30,0,0,0
http://www.online-tech-tips.com/computer-tips/how-to-change-mac-address/,72,7,2,0,0,0,0,0,0,0,24,0,299,0,3,0
https://answers.yahoo.com/question/index?qid=20060914152716AAZTOSo,66,0,2,0,0,14,0,0,21,1,17,0,176,0,0,0
https://www.chiostrodelbramante.it/,35,0,2,0,0,0,0,0,0,0,26,1,48,0,5,0
http://press-preview.weebly.com,31,1,2,0,0,0,0,0,0,0,24,0,130,0,11,0
http://vufd.hyperphp.com/amzn,29,0,2,0,0,0,0,0,0,0,17,0,0,0,0,1
http://www.courgeon-immobilier.fr/wp-content/uploads/2019/07/tpg/9ac6ba30463d0fb7974c06843717284c/,98,2,2,0,0,29,0,0,0,0,26,0,5,0,1,1
http://wiki.openstreetmap.org/wiki/Databases_and_data_access_APIs,65,0,2,0,0,0,0,0,0,0,22,0,30,0,1,0
https://grassform-my.sharepoint.com/:b:/g/personal/accounts_grassform_co_uk/EYsmX_DhwSVAlooW1ETKf50BIChCl1rrAfmqvTLvySTLQQ?e=UbjoWA,131,1,2,0,0,4,0,0,6,1,27,0,0,0,1,1
https://www.merriam-webster.com/dictionary/tabloid,50,1,2,0,0,0,0,0,0,0,23,1,24,0,7,0
https://www.123formbuilder.com/form-4850478/,44,1,2,0,0,10,0,0,0,0,22,0,5,0,0,1
https://ru.wikipedia.org/wiki/MultiMedia_Card,45,0,2,0,0,0,0,0,0,0,16,0,66,0,0,0
http://www.shadetreetechnology.com/V4/validation/44ccd8b487c7fe797dc775e919236002,81,0,2,0,0,23,0,0,0,0,27,0,1,0,0,1
https://sites.google.com/site/ilyasdxih,39,0,2,0,0,0,0,0,0,0,16,0,4,0,0,1
https://storage.cloud.google.com/prprhrhprc.appspot.com/index.htm#oncall-infra@eqiom.com,88,1,7,0,0,0,0,0,0,0,24,0,4,0,0,1
http://stattrek.com/statistics/dictionary.aspx?definition=standard%20error,74,0,2,0,1,2,0,0,14,1,12,0,1,0,12,0
http://www.bobsplans.com/FreeDownloads/RouterTable.pdf,54,0,3,0,0,0,0,0,0,0,17,0,0,0,0,0
https://en.wikipedia.org/wiki/NIC_Bank,38,0,2,0,0,0,0,0,0,0,16,0,41,0,1,0
http://www.history.com/topics/american-civil-war/gettysburg-address,67,3,2,0,0,0,0,0,0,0,15,0,77,0,0,0
http://sloaneandhyde.com/drs/new2015/document.php/index.css,59,0,3,0,0,4,0,0,0,0,17,0,1,0,0,1
https://en.wikipedia.org/wiki/Gateway,37,0,2,0,0,0,0,0,0,0,16,0,48,0,1,0
http://elexusbettgiris4.blogspot.com,36,0,2,0,0,1,0,0,0,0,29,0,6,0,0,1
http://www.calculate.co.il/,27,0,3,0,0,0,0,0,0,0,19,0,86,0,0,0
https://www.markspcsolution.com/,32,0,2,0,0,0,0,0,0,0,23,0,200,0,0,0
https://www.mummyandmini.com/,29,0,2,0,0,0,0,0,0,0,20,0,196,0,5,0
http://www.ilovefreesoftware.com/16/featured/5-best-free-network-packet-sniffer.html,84,5,3,0,0,3,0,0,0,0,25,1,90,0,5,0
https://apshop.vn/,18,0,1,0,0,0,0,0,0,0,9,1,35,0,2,0
https://www.facebook.com/thekeyboardcat,39,0,2,0,0,0,0,0,0,0,16,0,0,0,0,0
http://enerclim.com/cs/,23,0,1,0,0,0,0,0,0,0,12,0,0,0,0,1
https://www.wordnik.com/words/blackletter,41,0,2,0,0,0,0,0,0,0,15,0,17,0,3,0
https://bit.ly/2E6D7J1,22,0,1,0,0,4,0,0,0,0,6,0,2,0,0,1
https://www.gadgetzone.com.my/,30,0,3,0,0,0,0,0,0,0,21,0,0,0,0,0
http://smallbusiness.chron.com/enabling-google-chrome-menu-bar-78783.html,73,5,3,0,0,5,0,0,0,0,23,1,68,0,1,0
https://coderwall.com/p/kvzbpa/don-t-use-array-foreach-use-for-instead,70,7,1,0,0,0,0,0,0,0,13,1,10,0,0,0
http://afriquelemou.free.fr/templates/rhuk_milkyway/sdnconconsadf.html,70,0,3,0,0,0,0,0,0,0,20,0,0,0,0,1
https://www.emploi-petrole.com/,31,1,2,0,0,0,0,0,0,0,22,0,115,0,0,0
http://dic.academic.ru/dic.nsf/ruwiki/1425594,45,0,3,0,0,7,0,0,0,0,15,0,42,0,25,0
http://www.biology4kids.com/files/cell2_activetran.html,55,0,3,0,0,2,0,0,0,0,20,1,9,0,0,0
https://drive.google.com/file/d/1u7ag3FepresW0JRZehtrU5hLGGltMq6P/view?usp=sharing/,83,0,2,0,0,6,0,0,8,1,16,0,1,0,0,1
http://poligrafiapias.com/Secured-adobe/2b078be1175659f354b82191320e7c51/,73,1,1,0,0,25,0,0,0,0,18,0,0,0,0,1
http://www.kuchyne-volf.com/obrazky/dinds/alibaba/index/,56,1,2,0,0,0,0,0,0,0,20,0,7,0,0,1
http://www.speedcamupdates.com/,31,0,2,0,0,0,0,0,0,0,23,0,25,0,1,0
http://barbo.sk,15,0,1,0,0,0,0,0,0,0,8,0,0,0,0,0
http://animaldiversity.org/accounts/Mus_musculus/,49,0,1,0,0,0,0,0,0,0,19,0,20,0,0,0
https://eye-lucir.com/?d=,25,1,1,0,0,0,0,0,0,0,13,1,22,0,0,1
https://www.walmart.com/c/ep/cat6-ethernet-cables,49,2,2,0,0,1,0,0,0,0,15,0,2,0,0,0
http://science.howstuffworks.com/warp-speed2.htm,48,1,3,0,0,1,0,0,0,0,25,1,91,0,7,0
https://www.youtube.com/user/PING,33,0,2,0,0,0,0,0,0,0,15,1,8,0,0,0
http://www.instohelp.com/assets_flight/libs/bootstrap/cmcst-wl.html,67,1,3,0,0,0,0,0,0,0,17,0,0,0,0,1
https://www.workiva.com/,24,0,2,0,0,0,0,0,0,0,15,1,44,0,1,0
https://safirbetgiristikla.blogspot.com/,40,0,2,0,0,0,0,0,0,0,31,0,6,0,0,1
http://creditiperhabbogratissicuro100.blogspot.it/2011/02/habbo-crediti-gratis-sicuro-100.html,94,4,3,0,0,12,0,0,0,0,42,1,18,0,0,1
https://storage.cloud.google.com/user517497679326978.appspot.com/index.html#samsnow@tjsnow.com,94,0,7,0,0,15,0,0,0,0,24,0,4,0,0,1
https://www.google.com/url?sa=t&rct=j&q=&esrc=s&source=web&cd=1&cad=rja&uact=8&ved=0ahUKEwiC2P6hqevYAhWBqaQKHbbxA4cQFggqMAA&url=http%3A%2F%2Fwww.skatteetaten.no%2Fen%2Fperson%2F&usg=AOvVaw27Bb-ElBmjNVWBcdUaMcxg,210,1,4,10,6,14,0,0,116,10,14,0,0,0,0,1
http://www.scancity.am/tmp/ibxolb/ibxolb/login/index-html/login/,64,1,2,0,0,0,0,0,0,0,15,0,10,0,0,1
https://www.intouchcrm.co.uk/app/settings/signupforms/v/Hosted.aspx?s=F01B6C73-FF67-42B2-A0FC-CB6D6A8F026A,106,4,4,0,0,17,0,0,36,1,20,0,0,0,0,1
https://en.wikipedia.org/wiki/Incorporation_of_the_Bill_of_Rights,65,0,2,0,0,0,0,0,0,0,16,0,119,0,1,0
https://www.colgate.com/en-us/products/enamel-health,52,2,2,0,0,0,0,0,0,0,15,1,127,0,21,0
http://careers.stateuniversity.com/pages/100000947/Search-Engines-Future-User-Preferences-Artificial-Intelligence.html,118,6,3,0,0,9,0,0,0,0,27,0,8,0,0,0
http://hello-d4cdd.firebaseapp.com/,35,1,2,0,0,1,0,0,0,0,27,0,1,0,0,1
http://www.vogella.com/tutorials/JavaAlgorithmsDijkstra/article.html,68,0,3,0,0,0,0,0,0,0,15,0,55,0,0,0
https://en.wikipedia.org/wiki/Medium_shot,41,0,2,0,0,0,0,0,0,0,16,0,39,0,1,0
https://en.wikipedia.org/wiki/Walnut_Creek_CDROM,48,0,2,0,0,0,0,0,0,0,16,0,49,0,1,0
http://www.nicaraguafood.org/,29,0,2,0,0,0,0,0,0,0,21,0,73,0,0,0
https://www.handshq.com/,24,0,2,0,0,0,0,0,0,0,15,1,18,0,2,0
https://www.w3schools.com/jsreF/jsref_obj_date.asp,50,0,3,0,0,1,0,0,0,0,17,1,170,0,0,0
https://www.ablebits.com/office-addins-blog/2014/05/15/excel-insert-hyperlink/,78,4,2,0,0,8,0,0,0,0,16,0,44,0,0,0
https://www.haciserif.com.tr/,29,0,3,0,0,0,0,0,0,0,20,0,0,0,0,0
http://bakeri-net.blogfa.com,28,1,2,0,0,0,0,0,0,0,21,0,3,0,0,0
http://techland.time.com/2011/03/15/south-by-southwest-interactive-the-dawn-of-location-based-gaming/,101,9,2,0,0,8,0,0,0,0,17,1,111,0,4,0
https://bit.ly/39vDK97,22,0,1,0,0,4,0,0,0,0,6,0,0,0,15,1
http://botforbyks.blogspot.ru/,30,0,2,0,0,0,0,0,0,0,22,5,42,0,0,1
http://www.dictionary.com/browse/tabloid,40,0,2,0,0,0,0,0,0,0,18,0,91,0,0,0
http://owl.li/9KyR30pXOCN,25,0,1,0,0,3,0,0,0,0,6,0,1,0,0,1
https://www.facebook.com/imdbpro/,33,0,2,0,0,0,0,0,0,0,16,0,0,0,0,0
https://vostbaddleschoi1973.blogspot.com/,41,0,2,0,0,4,0,0,0,0,32,0,0,0,0,1
https://simple.wikipedia.org/wiki/Gettysburg_Address,52,0,2,0,0,0,0,0,0,0,20,0,208,0,1,0
https://sites.google.com/view/dealsd/home?fbclid=IwAR2JJYu14sqA2gp31cX8lhEKvYkF-8EC51J4YYyOzXh25AaPmeKesPgd9dg,110,1,2,0,0,14,0,0,61,1,16,0,4,0,0,1
https://en.wikipedia.org/wiki/Ionosphere,40,0,2,0,0,0,0,0,0,0,16,0,168,0,1,0
https://netorgft754307-my.sharepoint.com/:b:/g/personal/shelley_collegeadvisorsne_com/ETeAXwoP0Z9HqUfODpU5UJ8BmF7CVxm8NQun0hSVoB71yA,132,1,2,0,0,15,0,0,0,0,32,0,0,0,1,1
https://tekoma-my.sharepoint.com/:o:/g/personal/jglorie_cryonorm_com/EkKk_u3bn1pIllAzGyJIo1oBt6TRaNZ2_nrTiHKiV1tW-Q?e=ksIEcu,124,2,2,0,0,6,0,0,6,1,24,0,0,0,1,1
http://toppave.com.sg,21,0,2,0,0,0,0,0,0,0,14,0,29,0,0,0
http://www.novell.com/documentation/oes11/dsfw_bp_lx/,53,0,2,0,0,2,0,0,0,0,14,0,0,0,0,0
http://shadetreetechnology.com/V4/validation/ef60e2fdf10306f54afdd72d8d3ea6af,77,0,1,0,0,16,0,0,0,0,23,0,1,0,0,1
https://www.jacobspillow.org/,29,0,2,0,0,0,0,0,0,0,20,1,141,0,1,0
https://www.off-the-road.de/,28,2,2,0,0,0,0,0,0,0,19,1,216,0,3,0
http://dorkdiaries.co.uk,24,0,2,0,0,0,0,0,0,0,17,0,11,0,0,0
http://hepsibahisgirisimiz4.blogspot.com,40,0,2,0,0,1,0,0,0,0,33,0,6,0,0,1
http://www.thefreedictionary.com/compact+disc,45,0,2,0,0,0,0,0,0,0,25,0,195,0,0,0
http://www.arcanelegendsgame.com/,33,0,2,0,0,0,0,0,0,0,25,0,21,0,11,0
http://www.casinocitytimes.com/,31,0,2,0,0,0,0,0,0,0,23,1,36,0,0,0
https://www.smart-wiki.net/,27,1,2,0,0,0,0,0,0,0,18,0,45,0,0,0
http://www.shadetreetechnology.com/V4/validation/efbe45e31b19a2f237879c43c1825c6b,81,0,2,0,0,21,0,0,0,0,27,0,1,0,0,1
https://www.lifewire.com/free-memory-test-programs-2626178,58,4,2,0,0,7,0,0,0,0,16,2,174,0,4,0
https://kywait.blogspot.com/,28,0,2,0,0,0,0,0,0,0,19,0,72,0,0,0
https://www.drawdown.org/,25,0,2,0,0,0,0,0,0,0,16,1,45,0,48,0
https://jamthomp.weebly.com/,28,0,2,0,0,0,0,0,0,0,19,0,1,0,0,0
https://www.lebara.com.au/,26,0,3,0,0,0,0,0,0,0,17,1,47,0,5,0
https://www.recyclingcenters.org/,33,0,2,0,0,0,0,0,0,0,24,0,2,0,1,0
http://www.wikihow.com/Set-Up-a-Wireless-Router,47,4,2,0,0,0,0,0,0,0,15,0,61,0,43,0
http://zhanglab.ccmb.med.umich.edu/ThreaDom/,44,0,4,0,0,0,0,0,0,0,27,0,115,0,0,0
http://www.piano-play-it.com/layout-piano-keys.html,51,4,3,0,0,0,0,0,0,0,21,2,56,0,0,0
http://twowheelcool.com/twitter.com/index759b.html,50,0,3,0,0,3,0,0,0,0,16,0,1,0,0,1
https://www.forbes.com/profile/tory-burch/,42,1,2,0,0,0,0,0,0,0,14,0,124,0,4,0
https://www.ourdocuments.gov/,29,0,2,0,0,0,0,0,0,0,20,1,13,0,0,0
https://scenari.software/,25,0,1,0,0,0,0,0,0,0,16,0,0,0,0,0
http://www.chiomegaslo.com/,27,0,2,0,0,0,0,0,0,0,19,0,0,0,0,0
http://www.decaturilbgc.com/ckeditor/themes/default/plwestern.ph.com/citingwast/welcome/welcome/login.php?cmd=login_submit&amp;id=a699d331b0c43888ac3ced2190693fc8a699d331b0c43888ac3ced2190693fc8&amp;session=a699d331b0c43888ac3ced2190693fc8a699d331b0c43888ac3ced2190693fc8,271,0,5,2,0,84,0,0,140,3,20,0,20,0,1,1
https://sylviamclain-my.sharepoint.com/personal/sylvia_sylviamclain_com/_layouts/15/WopiFrame.aspx?guestaccesstoken=UPb1cRnmNypLjdqQCkkArBjkN2Rlitq4OTpLJlYYSoE%3d&docid=1_1c137d9cfdf0c4518a86e6db683563e30&wdFormId=%7B79C56373%2D6E2C%2D4F1C%2D9679%2D6C47534174D5%7D&action=formsubmit,282,1,3,3,7,59,0,0,127,4,30,0,0,0,1,1
https://eternityflooringcom-my.sharepoint.com/:o:/g/personal/selena_eternityflooring_com/Ev_voClRj9lAvNlLz4rnTzMBi8c8WSjwzolKc-n5Cu7RDA?e=BkedRb,144,2,2,0,0,6,0,0,6,1,37,0,0,0,1,1
https://www.conceptcarz.com/,28,0,2,0,0,0,0,0,0,0,19,0,79,0,7,0
http://www.latos.co.kr/js/erusr/united/ep/meniu1.htm?theinfored=2718ad761726asdg12765asd7612jgasd87612,102,0,4,0,0,25,0,0,38,1,15,0,0,0,0,1
https://nozed-uname.firebaseapp.com/,36,1,2,0,0,0,0,0,0,0,27,0,0,0,0,1
https://www.voog.com/,21,0,2,0,0,0,0,0,0,0,12,1,33,0,1,0
https://onedrive.live.com/redir?resid=10CFFC6B51DB82AC%21153&authkey=%21ALqQ7O8Z1y7c_5w&page=View&wd=target%28Quick%20Notes.one%7Ccd13eb19-aaf3-4c93-a670-061989e18e00%2FAction%20Resources%20LLC%7Cf534fab2-d680-4611-955e-a0387fdb8b59%2F%29,238,8,3,3,11,75,0,0,159,4,17,0,0,0,0,1
https://www.sammonsfinancialgroup.com/,38,0,2,0,0,0,0,0,0,0,29,1,14,0,0,0
http://sjec.edu.in,18,0,2,0,0,0,0,0,0,0,11,3,16,0,25,0
https://plus.google.com/+vh1,28,0,2,0,0,1,0,0,0,0,15,0,355,0,0,0
http://www.orafaq.com/wiki/Roles_and_Responsibilities,53,0,2,0,0,0,0,0,0,0,14,0,6,0,0,0
http://www.pcsvet.si/class/0a96ada9/center-h104588/login/index.php,66,1,3,0,0,10,0,0,0,0,13,0,1,0,1,1
http://www.habitas.org.uk/nimars/mmusculush.htm,47,0,4,0,0,0,0,0,0,0,18,0,0,0,0,0
https://www.winxdvd.com/windows-10/movie-maker-download.htm,59,3,3,0,0,2,0,0,0,0,15,2,14,0,0,0
http://www.helpathome.com/,26,0,2,0,0,0,0,0,0,0,18,1,43,0,0,0
https://en.wikibooks.org/wiki/Operating_System_Design/File_Systems/Allocation,77,0,2,0,0,0,0,0,0,0,16,0,26,0,0,0
http://betasusgirsenesende.blogspot.com,39,0,2,0,0,0,0,0,0,0,32,0,6,0,0,1
https://www.discogs.com/artist/Linkin+Park,42,0,2,0,0,0,0,0,0,0,15,1,46,0,0,0
http://www.codeboiler.net/,26,0,2,0,0,0,0,0,0,0,18,0,22,0,4,0
http://www.price2india.com/,27,0,2,0,0,1,0,0,0,0,19,0,116,0,0,0
http://taste-s.blogspot.com/,28,1,2,0,0,0,0,0,0,0,20,1,413,0,0,0
http://www.iptvlinkusa.com/,27,0,2,0,0,0,0,0,0,0,19,0,0,0,0,0
http://www.hpcfactor.com/forums/forums/thread-view.asp?tid=15430&start=1,72,1,3,1,0,6,0,0,6,2,17,0,7,0,0,0
https://www.metropolitandecor.com,33,0,2,0,0,0,0,0,0,0,25,0,2,0,0,0
http://www.dictionary.com/browse/traffic,40,0,2,0,0,0,0,0,0,0,18,0,94,0,0,0
http://www.internetserviceproviders.org/in/seattle/,51,0,2,0,0,0,0,0,0,0,32,0,1,0,0,0
http://phpsecurity.readthedocs.io/en/latest/Transport-Layer-Security-(HTTPS-SSL-and-TLS).html,93,6,3,0,0,0,0,0,0,0,26,0,13,0,1,0
http://www.dictionary.com/browse/select-committee,49,1,2,0,0,0,0,0,0,0,18,0,91,0,0,0
https://www.hfunderground.com/wiki/Ionosphere,45,0,2,0,0,0,0,0,0,0,21,12,5,0,0,0
https://groupmatrix-my.sharepoint.com/:b:/p/corey/ET6Ze1x7jpFDrDsE7epkx0QBw6CjjBu7eoewNkWP0Ho3mQ?e=Ql2oJS,105,1,2,0,0,10,0,0,6,1,29,0,0,0,1,1
http://computerbla3.blogspot.ru/2010/02/cd-rom.html,51,1,3,0,0,7,0,0,0,0,24,1,37,0,0,0
https://www.facebook.com/savers,31,0,2,0,0,0,0,0,0,0,16,0,0,0,0,0
http://www.answers.com/Q/Digital_media_salary,45,0,2,0,0,0,0,0,0,0,15,0,52,0,0,0
https://chicowhitaker.wordpress.com/,36,0,2,0,0,0,0,0,0,0,27,0,205,0,5,0
https://drive.google.com/file/d/1_GGqmQXcOYjJZfvgg44cX-sWuaue8EdJ/edit,70,1,2,0,0,4,0,0,0,0,16,0,4,0,0,1
http://internetserviceprovidersnyc.weebly.com/,46,0,2,0,0,0,0,0,0,0,38,0,4,0,0,0
http://www.wikihow.com/Get-a-Free-Internet-Connection,53,4,2,0,0,0,0,0,0,0,15,0,70,0,54,0
http://www.decaturilbgc.com/ckeditor/themes/default/plwestern.ph.com/citingwast/welcome/welcome/step3.php,105,0,5,0,0,1,0,0,0,0,20,0,20,0,1,1
https://forums.geforce.com/default/topic/844027/?comment=4759331,64,0,2,0,0,13,0,0,7,1,18,0,1,0,0,0
http://www.mathsisfun.com/geometry/symbols.html,47,0,3,0,0,0,0,0,0,0,18,0,1,0,0,0
https://raphaelhammoud.wordpress.com/,37,0,2,0,0,0,0,0,0,0,28,1,449,0,17,0
https://www.wunderground.com/us/ca/fontana,42,0,2,0,0,0,0,0,0,0,20,0,14,0,3,0
http://z80-heaven.wikidot.com,29,1,2,0,0,2,0,0,0,0,22,0,30,0,0,0
http://showmore.a3579.com/2EFDC56ECF33816478A33B64D7A5B0D7/,59,0,2,0,0,23,0,0,0,0,18,0,0,0,0,1
http://weshop.co.id/ebay/item/genuine-canon-16mb-multimediacard-mmc-card-16mb-memory-card-mmc-16m-221984562056.html,115,11,3,0,0,18,0,0,0,0,12,0,56,0,0,0
https://7d54v.app.link/yEnzR6hnj8,33,0,2,0,0,5,0,0,0,0,14,0,1,0,0,1
http://shadetreetechnology.com/V4/validation/99b5ee93abab802d934d4abaacfbbab6,77,0,1,0,0,14,0,0,0,0,23,0,1,0,0,1
http://www.destination360.com/central-america/nicaragua/dining,62,1,2,0,0,3,0,0,0,0,22,0,28,0,5,0
http://javascript.info/date,27,0,1,0,0,0,0,0,0,0,15,0,61,0,62,0
https://login.microsoftonline.com/9024fef9-acd7-4a9a-98d1-b7225b67cf24/oauth2/authorize?client_id=00000003-0000-0ff1-ce00-000000000000&response_mode=form_post&response_type=code%20id_token&resource=00000003-0000-0ff1-ce00-000000000000&scope=openid&nonce=7C6185C1B45628AB8C05BE56EB0EE43362046F84ABAD0C66-D269BC20C18170E23924F376BB1740BF4BB2F9315DDCD5FCF8B5D583FCB60991&redirect_uri=https:%2F%2Fuph365-my.sharepoint.com%2F_forms%2Fdefault.aspx&wsucxt=1&cobrandid=11bd8083-87e0-41b5-bb78-0bc43c8a8e8a&client-request-id=4d64829e-50c2-6000-fc99-e5cb105d0027,552,24,5,9,5,198,0,0,338,10,25,0,0,0,0,0
https://www.wired.com/2014/01/its-time-to-take-mesh-networks-seriously-and-not-just-for-the-reasons-you-think/,110,14,2,0,0,6,0,0,0,0,13,1,72,0,0,0
http://www.mahoraisedeseaux.com/,32,0,2,0,0,0,0,0,0,0,24,1,7,0,7,0
https://www.svd.se/,19,0,2,0,0,0,0,0,0,0,10,0,84,0,0,0
http://www.diyncrafts.com/14725/organization/30-wonderful-ways-to-organize-your-life-with-command-hooks,103,9,2,0,0,7,0,0,0,0,18,3,176,0,3,0
http://pjcm.net/1122//?sec=Christiane%20Tonke,45,0,1,0,1,6,0,0,16,1,8,0,0,0,0,1
http://restbetgir1.blogspot.com,31,0,2,0,0,1,0,0,0,0,24,0,6,0,0,1
https://www.mokapos.com/,24,0,2,0,0,0,0,0,0,0,15,1,50,0,0,0
https://masterclimaespecialistas.com.br/wp-includes/off2/pod.php?warp=020202,76,1,3,0,0,7,0,0,6,1,31,0,0,0,0,1
http://espace-client.net/canalsat-resiliation,45,2,1,0,0,0,0,0,0,0,17,0,30,0,0,1
http://jmockit.github.io,24,0,2,0,0,0,0,0,0,0,17,0,3,0,0,0
http://www.gateway.com/gw/en/US/content/contactus,49,0,2,0,0,0,0,0,0,0,15,1,22,0,5,0
https://sourceforge.net/speedtest/,34,0,1,0,0,0,0,0,0,0,15,0,14,0,5,0
https://www.savetheboundarywaters.org/,38,0,2,0,0,0,0,0,0,0,29,1,23,0,0,0
http://mercolinvestment.com/wp-admin/webmail.hinet,50,1,2,0,0,0,0,0,0,0,20,3,19,0,0,1
http://tekyteach.blogspot.com,29,0,2,0,0,0,0,0,0,0,22,1,224,0,0,0
https://www.tignes-spirit.com/,30,1,2,0,0,0,0,0,0,0,21,2,6,0,4,0
https://lokandkingsupportiveme.blogspot.com/,44,0,2,0,0,0,0,0,0,0,35,0,0,0,0,1
https://freedownloadthetheoryofeverything.wordpress.com/,56,0,2,0,0,0,0,0,0,0,47,1,29,0,5,0
http://www.cornerstonecommunities.com/,38,0,2,0,0,0,0,0,0,0,30,1,57,0,3,0
http://sv.mikecrm.com/mUjGDh3,29,0,2,0,0,1,0,0,0,0,14,0,0,0,0,1
https://www.azurepower.com/,27,0,2,0,0,0,0,0,0,0,18,1,19,0,0,0
http://www.printyourparty.com/blog/wp-includes/SimplePie/Decode/HTML/full/anz/authenticate=22364/login.php,106,1,3,0,0,5,0,0,0,0,22,0,0,0,0,1
https://zoryanvk.wordpress.com/,31,0,2,0,0,0,0,0,0,0,22,0,99,0,8,0
https://www.law.cornell.edu/wex/incorporation_doctrine,54,0,3,0,0,0,0,0,0,0,19,1,46,0,3,0
https://s.free.fr/92rsZcB4,26,0,2,0,0,3,0,0,0,0,9,0,0,0,0,1
http://www.wikiwand.com/en/Noble_Eightfold_Path,47,0,2,0,0,0,0,0,0,0,16,0,4,0,0,0
http://www.dictionary.com/browse/database,41,0,2,0,0,0,0,0,0,0,18,0,88,0,0,0
https://en.wikipedia.org/wiki/Router_table_(woodworking),56,0,2,0,0,0,0,0,0,0,16,0,26,0,1,0
https://www.nextdirect.com/CountrySelect,40,0,2,0,0,0,0,0,0,0,18,0,80,0,0,0
https://www.conetix.com.au/,27,0,3,0,0,0,0,0,0,0,18,1,64,0,1,0
https://en.m.wikipedia.org/wiki/Mouseketeer,43,0,3,0,0,0,0,0,0,0,18,0,65,0,1,0
http://joyceho.github.io,24,0,2,0,0,0,0,0,0,0,17,0,26,0,0,0
https://docs.moodle.org/dev/Database_Schema,43,0,2,0,0,0,0,0,0,0,15,0,26,0,3,0
https://en.wikipedia.org/wiki/Display_resolution,48,0,2,0,0,0,0,0,0,0,16,0,80,0,1,0
https://www.microsoft.com/en-gb/store/p/itv-hub/9wzdncrfhzh7,60,2,2,0,0,2,0,0,0,0,17,1,145,1,6,0
https://betasuslink1.blogspot.com/,34,0,2,0,0,1,0,0,0,0,25,0,6,0,0,1
https://event.on24.com/wcc/r/1891550/A89D0EC9BEE2E4366670FE794242B61C?partnerref=email,86,0,2,0,0,29,0,0,5,1,14,0,0,0,0,1
https://pythonspot.com/en/python-network-sockets-programming-tutorial/,70,4,1,0,0,0,0,0,0,0,14,1,9,0,0,0
http://www.dd-wrt.com/wiki/index.php/Mesh_Networking_with_OLSR,62,1,3,0,0,0,0,0,0,0,14,0,12,0,0,0
https://www.newwoman.ru/,24,0,2,0,0,0,0,0,0,0,15,0,4,0,0,0
http://blogdecastellanodeinma.blogspot.com,42,0,2,0,0,0,0,0,0,0,35,0,438,0,0,0
http://schroffenstein.online.fr/ChfBCg58T2Svdxc/vWha4Uble.html?iwntanhs=xocghc205223&amp;rkytrh=vtcryiew181248685,113,0,3,1,0,19,0,0,29,2,24,0,0,0,0,1
http://medical-dictionary.thefreedictionary.com/latency+stage,61,1,2,0,0,0,0,0,0,0,40,0,112,0,0,0
https://en.opensuse.org/SDB:Installing_a_Printer,48,0,2,0,0,0,0,0,0,0,15,0,12,0,5,0
https://www.name.com/en,23,0,2,0,0,0,0,0,0,0,12,1,12,0,1,0
https://aws.amazon.com/blogs/aws/new-g2-instance-type-with-4x-more-gpu-power/,77,8,2,0,0,2,0,0,0,0,14,0,210,0,7,0
http://mail.bbglowfrance.fr/~u43730p39181/pki-validation,56,1,2,0,0,10,0,0,0,0,20,0,0,0,0,1
http://www.payscale.com/research/US/Job=Computed_Tomography_(CT)_Technologist/Hourly_Rate,89,0,2,0,0,0,0,0,0,0,16,0,23,0,0,0
https://www.youtube.com/watch?v=P7GIpYjmc8M,43,0,2,0,0,2,0,0,11,1,15,1,8,0,0,0
https://www.mti.gov.sg/researchroom/documents/app.mti.gov.sg/data/pages/507/doc/15%20erc_services_logistics.pdf,111,0,7,0,1,7,0,0,0,0,14,0,1,0,0,0
http://www.payscale.com/research/US/Job=MRI_Technologist/Hourly_Rate,68,0,2,0,0,0,0,0,0,0,16,0,23,0,0,0
https://cummins.jobs/,21,0,1,0,0,0,0,0,0,0,12,1,42,0,15,0
http://www.rediff.com/tags/traffic-collision-avoidance-system,61,3,2,0,0,0,0,0,0,0,14,2,75,0,0,0
http://www.decaturilbgc.com/ckeditor/themes/default/plwestern.ph.com/citingwast/welcome/welcome/login.php?cmd=login_submit&id=13e7ee480025090ea8fbcb8f868caab713e7ee480025090ea8fbcb8f868caab7&session=13e7ee480025090ea8fbcb8f868caab713e7ee480025090ea8fbcb8f868caab7,263,0,5,2,0,72,0,0,140,3,20,0,20,0,1,1
http://fairuse.stanford.edu/overview/public-domain/welcome/,59,1,2,0,0,0,0,0,0,0,20,1,54,0,0,0
https://www.rubberevashop.com/,30,0,2,0,0,0,0,0,0,0,21,0,110,0,1,0
http://www.rokuhelp.com/now-you-can-stream-discovery-family-of-networks-on-roku/,80,9,2,0,0,0,0,0,0,0,16,0,0,0,0,0
https://ocaque-domen.firebaseapp.com/,37,1,2,0,0,0,0,0,0,0,28,0,0,0,0,1
http://cebuphonly.jrzoutsourcingservices.com/wp-content/themes/jrzouts/forms/paypal_donation.php,96,1,3,0,0,0,0,0,0,0,37,0,0,0,0,1
https://www.merriam-webster.com/dictionary/standard%20error,59,1,2,0,1,2,0,0,0,0,23,1,22,0,6,0
http://www.rishtapao.com/login/paypal/users/userID-55847/signin/?country.x=GB&amp;locale.x=en_GB&amp;Auth=%20mGTEqsFjfaZbT0QWtjooEUk2cILJqxgS40XkjcKF,149,1,4,2,1,11,0,0,48,3,17,0,0,0,0,1
